bibkey,entry_type,author,title,year,venue_or_type,stable_locator,cited_in_manuscript,required_fields_complete,verification_status,verification_basis,access_date
zeng2024timing,inproceedings,Yu Zeng and Aarti Gupta and Sharad Malik,Automatic Generation of Cycle-Accurate Timing Models from RTL for Hardware Accelerators,2024,Proceedings of the 43rd IEEE/ACM International Conference on Computer-Aided Design (ICCAD),https://doi.org/10.1145/3676536.3676657,yes,yes,AUTHORITATIVE_METADATA_VERIFIED,publisher_or_authoritative_index_metadata,2026-09-16
zeng2022architecture,inproceedings,Yu Zeng and Aarti Gupta and Sharad Malik,Automatic Generation of Architecture-Level Models from RTL Designs for Processors and Accelerators,2022,"Design, Automation and Test in Europe Conference and Exhibition (DATE)",,yes,yes,AUTHORITATIVE_METADATA_VERIFIED,publisher_or_authoritative_index_metadata,2026-09-16
zeng2021state,inproceedings,Yu Zeng and Bo-Yuan Huang and Hongce Zhang and Aarti Gupta and Sharad Malik,Generating Architecture-Level Abstractions from RTL Designs for Processors and Accelerators Part I: Determining Architectural State Variables,2021,Proceedings of the IEEE/ACM International Conference on Computer-Aided Design (ICCAD),,yes,yes,AUTHORITATIVE_METADATA_VERIFIED,publisher_or_authoritative_index_metadata,2026-09-16
huang2019ila,article,Bo-Yuan Huang and Hongce Zhang and Pramod Subramanyan and Yakir Vizel and Aarti Gupta and Sharad Malik,Instruction-Level Abstraction (ILA): A Uniform Specification for System-on-Chip (SoC) Verification,2019,ACM Transactions on Design Automation of Electronic Systems,,yes,yes,FULL_TEXT_CALIBRATED,full_text_calibration_record,2026-09-16
huang2019ilang,inproceedings,Bo-Yuan Huang and Hongce Zhang and Aarti Gupta and Sharad Malik,ILAng: A Modeling and Verification Platform for SoCs Using Instruction-Level Abstractions,2019,Tools and Algorithms for the Construction and Analysis of Systems (TACAS),,yes,yes,SCHOLARLY_METADATA_REVIEWED,canonical_scholarly_metadata_and_manuscript_role_review,2026-09-16
huang2024application,article,Bo-Yuan Huang and Steven Lyubomirsky and Yi Li and Mike He and Gus Henry Smith and Thierry Tambe and Akash Gaonkar and Vishal Canumalla and Andrew Cheung and Gu-Yeon Wei and Aarti Gupta and Zachary Tatlock and Sharad Malik,Application-Level Validation of Accelerator Designs Using a Formal Software/Hardware Interface,2024,ACM Transactions on Design Automation of Electronic Systems,,yes,yes,FULL_TEXT_CALIBRATED,full_text_calibration_record,2026-09-16
sarkar2023lightningsim,inproceedings,Rishov Sarkar and Cong Hao,LightningSim: Fast and Accurate Trace-Based Simulation for High-Level Synthesis,2023,Proceedings of the 31st IEEE International Symposium on Field-Programmable Custom Computing Machines (FCCM),https://doi.org/10.1109/FCCM57271.2023.00010,yes,yes,FULL_TEXT_CALIBRATED,full_text_calibration_record,2026-09-16
karandikar2018firesim,inproceedings,Sagar Karandikar and others,FireSim: FPGA-Accelerated Cycle-Exact Scale-Out System Simulation in the Public Cloud,2018,Proceedings of the 45th Annual International Symposium on Computer Architecture (ISCA),,yes,yes,FULL_TEXT_CALIBRATED,full_text_calibration_record,2026-09-16
wolf2013yosys,inproceedings,Clifford Wolf and Johann Glaser,Yosys: A Free Verilog Synthesis Suite,2013,Proceedings of the 21st Austrian Workshop on Microelectronics (Austrochip),,yes,yes,FULL_TEXT_CALIBRATED,full_text_calibration_record,2026-09-16
izraelevitz2017firrtl,inproceedings,Adam Izraelevitz and Jack Koenig and Patrick Li and Richard Lin and Angie Wang and Albert Magyar and Donggyu Kim and Colin Schmidt and Chick Markley and Jim Lawson and Jonathan Bachrach,"Reusability is FIRRTL Ground: Hardware Construction Languages, Compiler Frameworks, and Transformations",2017,Proceedings of the IEEE/ACM International Conference on Computer-Aided Design (ICCAD),,yes,yes,FULL_TEXT_CALIBRATED,full_text_calibration_record,2026-09-16
lattner2021mlir,inproceedings,Chris Lattner and Mehdi Amini and Uday Bondhugula and others,MLIR: Scaling Compiler Infrastructure for Domain Specific Computation,2021,Proceedings of the IEEE/ACM International Symposium on Code Generation and Optimization (CGO),,yes,yes,SCHOLARLY_METADATA_REVIEWED,canonical_scholarly_metadata_and_manuscript_role_review,2026-09-16
torlak2014rosette,inproceedings,Emina Torlak and Rastislav Bodik,A Lightweight Symbolic Virtual Machine for Solver-Aided Host Languages,2014,Proceedings of the 35th ACM SIGPLAN Conference on Programming Language Design and Implementation (PLDI),,yes,yes,SCHOLARLY_METADATA_REVIEWED,canonical_scholarly_metadata_and_manuscript_role_review,2026-09-16
choi2017kami,inproceedings,Joonwon Choi and Muralidaran Vijayaraghavan and Benjamin Sherman and Adam Chlipala and Arvind,Kami: A Platform for High-Level Parametric Hardware Specification and its Modular Verification,2017,"Proceedings of the ACM on Programming Languages, ICFP",,yes,yes,FULL_TEXT_CALIBRATED,full_text_calibration_record,2026-09-16
armstrong2019sail,inproceedings,Alasdair Armstrong and Thomas Bauereiss and Brian Campbell and Alastair Reid and Kathryn E. Gray and Robert M. Norton and Prashanth Mundkur and Mark Wassell and Jon French and Christopher Pulte and Shaked Flur and Ian Stark and Neel Krishnaswami and Peter Sewell,"ISA Semantics for ARMv8-A, RISC-V, and CHERI-MIPS",2019,"Proceedings of the ACM on Programming Languages, POPL",,yes,yes,FULL_TEXT_CALIBRATED,full_text_calibration_record,2026-09-16
bryant1986bdd,article,Randal E. Bryant,Graph-Based Algorithms for Boolean Function Manipulation,1986,IEEE Transactions on Computers,,yes,yes,SCHOLARLY_METADATA_REVIEWED,canonical_scholarly_metadata_and_manuscript_role_review,2026-09-16
clarke1986temporal,article,Edmund M. Clarke and E. Allen Emerson and A. Prasad Sistla,Automatic Verification of Finite-State Concurrent Systems Using Temporal Logic Specifications,1986,ACM Transactions on Programming Languages and Systems,,yes,yes,SCHOLARLY_METADATA_REVIEWED,canonical_scholarly_metadata_and_manuscript_role_review,2026-09-16
burch1992symbolic,article,Jerry R. Burch and Edmund M. Clarke and Kenneth L. McMillan and David L. Dill and L. J. Hwang,Symbolic Model Checking: $10^20$ States and Beyond,1992,Information and Computation,,yes,yes,SCHOLARLY_METADATA_REVIEWED,canonical_scholarly_metadata_and_manuscript_role_review,2026-09-16
mcmillan1993symbolic,book,Kenneth L. McMillan,Symbolic Model Checking,1993,Kluwer Academic Publishers,,yes,yes,SCHOLARLY_METADATA_REVIEWED,canonical_scholarly_metadata_and_manuscript_role_review,2026-09-16
biere1999bmc,inproceedings,Armin Biere and Alessandro Cimatti and Edmund M. Clarke and Yunshan Zhu,Symbolic Model Checking without BDDs,1999,Tools and Algorithms for the Construction and Analysis of Systems (TACAS),,yes,yes,FULL_TEXT_CALIBRATED,full_text_calibration_record,2026-09-16
sheeran2000induction,inproceedings,Mary Sheeran and Satnam Singh and Gunnar St\aalmarck,Checking Safety Properties Using Induction and a SAT-Solver,2000,Formal Methods in Computer-Aided Design (FMCAD),,yes,yes,SCHOLARLY_METADATA_REVIEWED,canonical_scholarly_metadata_and_manuscript_role_review,2026-09-16
bradley2011ic3,inproceedings,Aaron R. Bradley,SAT-Based Model Checking without Unrolling,2011,"Verification, Model Checking, and Abstract Interpretation (VMCAI)",,yes,yes,FULL_TEXT_CALIBRATED,full_text_calibration_record,2026-09-16
een2003induction,inproceedings,"Niklas E\'en and Niklas S\""orensson",Temporal Induction by Incremental SAT Solving,2003,Electronic Notes in Theoretical Computer Science,,yes,yes,SCHOLARLY_METADATA_REVIEWED,canonical_scholarly_metadata_and_manuscript_role_review,2026-09-16
mcmillan2003interpolation,inproceedings,Kenneth L. McMillan,Interpolation and SAT-Based Model Checking,2003,Computer Aided Verification (CAV),,yes,yes,SCHOLARLY_METADATA_REVIEWED,canonical_scholarly_metadata_and_manuscript_role_review,2026-09-16
clarke2000cegar,inproceedings,Edmund M. Clarke and Orna Grumberg and Somesh Jha and Yuan Lu and Helmut Veith,Counterexample-Guided Abstraction Refinement,2000,Computer Aided Verification (CAV),,yes,yes,FULL_TEXT_CALIBRATED,full_text_calibration_record,2026-09-16
mcmillan2003proofabs,inproceedings,Kenneth L. McMillan and Nina Amla,Automatic Abstraction without Counterexamples,2003,Tools and Algorithms for the Construction and Analysis of Systems (TACAS),,yes,yes,SCHOLARLY_METADATA_REVIEWED,canonical_scholarly_metadata_and_manuscript_role_review,2026-09-16
clarke1994abstraction,article,Edmund M. Clarke and Orna Grumberg and David E. Long,Model Checking and Abstraction,1994,ACM Transactions on Programming Languages and Systems,,yes,yes,SCHOLARLY_METADATA_REVIEWED,canonical_scholarly_metadata_and_manuscript_role_review,2026-09-16
kurshan1994coordinating,book,Robert P. Kurshan,Computer-Aided Verification of Coordinating Processes: The Automata-Theoretic Approach,1994,Princeton University Press,,yes,yes,SCHOLARLY_METADATA_REVIEWED,canonical_scholarly_metadata_and_manuscript_role_review,2026-09-16
burch1994pipeline,inproceedings,Jerry R. Burch and David L. Dill,Automatic Verification of Pipelined Microprocessor Control,1994,Computer Aided Verification (CAV),,yes,yes,SCHOLARLY_METADATA_REVIEWED,canonical_scholarly_metadata_and_manuscript_role_review,2026-09-16
kuehlmann1997cuts,inproceedings,Andreas Kuehlmann and Florian Krohm,Equivalence Checking Using Cuts and Heaps,1997,Proceedings of the 34th Design Automation Conference (DAC),,yes,yes,SCHOLARLY_METADATA_REVIEWED,canonical_scholarly_metadata_and_manuscript_role_review,2026-09-16
vaneijk1998sequential,article,C. A. J. van Eijk,Sequential Equivalence Checking Based on Structural Similarities,1998,IEEE Transactions on Computer-Aided Design of Integrated Circuits and Systems,,yes,yes,SCHOLARLY_METADATA_REVIEWED,canonical_scholarly_metadata_and_manuscript_role_review,2026-09-16
brayton2010abc,inproceedings,Robert K. Brayton and Alan Mishchenko,ABC: An Academic Industrial-Strength Verification Tool,2010,Computer Aided Verification (CAV),,yes,yes,SCHOLARLY_METADATA_REVIEWED,canonical_scholarly_metadata_and_manuscript_role_review,2026-09-16
demoura2008z3,inproceedings,Leonardo de Moura and Nikolaj Bj\orner,Z3: An Efficient SMT Solver,2008,Tools and Algorithms for the Construction and Analysis of Systems (TACAS),,yes,yes,SCHOLARLY_METADATA_REVIEWED,canonical_scholarly_metadata_and_manuscript_role_review,2026-09-16
niemetz2009boolector,inproceedings,Robert Brummayer and Armin Biere,Boolector: An Efficient SMT Solver for Bit-Vectors and Arrays,2009,Tools and Algorithms for the Construction and Analysis of Systems (TACAS),,yes,yes,SCHOLARLY_METADATA_REVIEWED,canonical_scholarly_metadata_and_manuscript_role_review,2026-09-16
een2003minisat,inproceedings,"Niklas E\'en and Niklas S\""orensson",An Extensible SAT-Solver,2003,Theory and Applications of Satisfiability Testing (SAT),,yes,yes,SCHOLARLY_METADATA_REVIEWED,canonical_scholarly_metadata_and_manuscript_role_review,2026-09-16
mann2021pono,inproceedings,Makai Mann and Ahmed Irfan and Florian Lonsing and Yahan Yang and Hongce Zhang and Kristopher Brown and Aarti Gupta and Clark Barrett,Pono: A Flexible and Extensible SMT-Based Model Checker,2021,Computer Aided Verification (CAV),https://doi.org/10.1007/978-3-030-81688-9_22,yes,yes,SCHOLARLY_METADATA_REVIEWED,canonical_scholarly_metadata_and_manuscript_role_review,2026-09-16
leroy2009compcert,article,Xavier Leroy,Formal Verification of a Realistic Compiler,2009,Communications of the ACM,,yes,yes,SCHOLARLY_METADATA_REVIEWED,canonical_scholarly_metadata_and_manuscript_role_review,2026-09-16
pnueli1998translation,inproceedings,Amir Pnueli and Michael Siegel and Eli Singerman,Translation Validation,1998,Tools and Algorithms for the Construction and Analysis of Systems (TACAS),,yes,yes,FULL_TEXT_CALIBRATED,full_text_calibration_record,2026-09-16
necula1997pcc,inproceedings,George C. Necula,Proof-Carrying Code,1997,Proceedings of the 24th ACM SIGPLAN-SIGACT Symposium on Principles of Programming Languages (POPL),,yes,yes,FULL_TEXT_CALIBRATED,full_text_calibration_record,2026-09-16
namjoshi2001certifying,inproceedings,Kedar S. Namjoshi,Certifying Model Checkers,2001,Computer Aided Verification (CAV),,yes,yes,SCHOLARLY_METADATA_REVIEWED,canonical_scholarly_metadata_and_manuscript_role_review,2026-09-16
wetzler2014drat,inproceedings,"Nathan Wetzler and Marijn J. H. Heule and Hunt, Jr., Warren A.",DRAT-trim: Efficient Checking and Trimming Using Expressive Clausal Proofs,2014,Theory and Applications of Satisfiability Testing (SAT),,yes,yes,SCHOLARLY_METADATA_REVIEWED,canonical_scholarly_metadata_and_manuscript_role_review,2026-09-16
cruz2017lrat,inproceedings,"Lu\'is Cruz-Filipe and Marijn J. H. Heule and Hunt, Jr., Warren A. and Matt Kaufmann and Peter Schneider-Kamp",Efficient Certified RAT Verification,2017,Automated Deduction (CADE),,yes,yes,SCHOLARLY_METADATA_REVIEWED,canonical_scholarly_metadata_and_manuscript_role_review,2026-09-16
weiser1981slicing,inproceedings,Mark Weiser,Program Slicing,1981,Proceedings of the 5th International Conference on Software Engineering (ICSE),,yes,yes,FULL_TEXT_CALIBRATED,full_text_calibration_record,2026-09-16
ferrante1987pdg,article,Jeanne Ferrante and Karl J. Ottenstein and Joe D. Warren,The Program Dependence Graph and Its Use in Optimization,1987,ACM Transactions on Programming Languages and Systems,,yes,yes,FULL_TEXT_CALIBRATED,full_text_calibration_record,2026-09-16
horwitz1990interprocedural,article,Susan Horwitz and Thomas Reps and David Binkley,Interprocedural Slicing Using Dependence Graphs,1990,ACM Transactions on Programming Languages and Systems,,yes,yes,SCHOLARLY_METADATA_REVIEWED,canonical_scholarly_metadata_and_manuscript_role_review,2026-09-16
tip1995survey,article,Frank Tip,A Survey of Program Slicing Techniques,1995,Journal of Programming Languages,,yes,yes,SCHOLARLY_METADATA_REVIEWED,canonical_scholarly_metadata_and_manuscript_role_review,2026-09-16
reps1995dataflow,inproceedings,Thomas Reps and Susan Horwitz and Mooly Sagiv,Precise Interprocedural Dataflow Analysis via Graph Reachability,1995,Proceedings of the 22nd ACM SIGPLAN-SIGACT Symposium on Principles of Programming Languages (POPL),,yes,yes,SCHOLARLY_METADATA_REVIEWED,canonical_scholarly_metadata_and_manuscript_role_review,2026-09-16
ghassabani2016ivc,inproceedings,Elaheh Ghassabani and Andrew Gacek and Michael W. Whalen,Efficient Generation of Inductive Validity Cores for Safety Properties,2016,Proceedings of the 24th ACM SIGSOFT International Symposium on Foundations of Software Engineering (FSE),https://doi.org/10.1145/2950290.2950346,yes,yes,FULL_TEXT_CALIBRATED,full_text_calibration_record,2026-09-16
liffiton2008mus,article,Mark H. Liffiton and Karem A. Sakallah,Algorithms for Computing Minimal Unsatisfiable Subsets of Constraints,2008,Journal of Automated Reasoning,,yes,yes,FULL_TEXT_CALIBRATED,full_text_calibration_record,2026-09-16
cook1971complexity,inproceedings,Stephen A. Cook,The Complexity of Theorem-Proving Procedures,1971,Proceedings of the 3rd Annual ACM Symposium on Theory of Computing (STOC),,yes,yes,SCHOLARLY_METADATA_REVIEWED,canonical_scholarly_metadata_and_manuscript_role_review,2026-09-16
stockmeyer1976hierarchy,article,Larry J. Stockmeyer,The Polynomial-Time Hierarchy,1976,Theoretical Computer Science,,yes,yes,SCHOLARLY_METADATA_REVIEWED,canonical_scholarly_metadata_and_manuscript_role_review,2026-09-16
papadimitriou1984facets,article,Christos H. Papadimitriou and Mihalis Yannakakis,The Complexity of Facets (and Some Facets of Complexity),1984,Journal of Computer and System Sciences,,yes,yes,SCHOLARLY_METADATA_REVIEWED,canonical_scholarly_metadata_and_manuscript_role_review,2026-09-16
garey1979computers,book,Michael R. Garey and David S. Johnson,Computers and Intractability: A Guide to the Theory of NP-Completeness,1979,W. H. Freeman,,yes,yes,SCHOLARLY_METADATA_REVIEWED,canonical_scholarly_metadata_and_manuscript_role_review,2026-09-16
sarkar2025omnisim,misc,Rishov Sarkar and Cong Hao,OmniSim: Simulating Hardware with C Speed and RTL Accuracy for High-Level Synthesis Designs,2025,arXiv preprint arXiv:2508.19299,https://doi.org/10.48550/arXiv.2508.19299,yes,yes,FULL_TEXT_CALIBRATED,full_text_calibration_record,2026-09-16
li2026endtoend,misc,Yinrong Li and Zexin Fu and Yichao Zhang and Germain Haugou and Chi Zhang and Marco Bertuletti and Bowen Wang and Luca Benini,Accelerating Precise End-to-End Simulation: Latency-Sensitive Many-Core System Modeling,2026,arXiv preprint arXiv:2605.07750,https://doi.org/10.48550/arXiv.2605.07750,yes,yes,FULL_TEXT_CALIBRATED,full_text_calibration_record,2026-09-16
lyu2026rtl2lean,misc,Hongqin Lyu and Junxing Dong and Yonghao Wang and Zhiteng Chao and Tiancheng Wang and Huawei Li,Rtl2lean: Automated RTL-to-Lean Translation with Hierarchical Theorem Generation and Lemma Reuse,2026,arXiv preprint arXiv:2607.16855,https://doi.org/10.48550/arXiv.2607.16855,yes,yes,FULL_TEXT_CALIBRATED,full_text_calibration_record,2026-09-16
lau2026granite,misc,Stella Lau and Andres Erbsen and Adam Chlipala,Granite: A Modular Methodology for Foundational Verification of Hardware--Software Leakage Contracts,2026,arXiv preprint arXiv:2607.27480,https://doi.org/10.48550/arXiv.2607.27480,yes,yes,FULL_TEXT_CALIBRATED,full_text_calibration_record,2026-09-16
