claim_id,claim,theorem_or_obligation,proof_or_source,checker_or_implementation,experiment_or_case,raw_evidence,maturity,fresh_recheck_and_boundary,paper_display
C01,Havoc trace inclusion and upward validity,Lemma 1,proofs/theory.md §2,src/producer.py; src/checker.py,joint-omission; zero-cancellation,results/clean-reproduction/zero_fill_nonmonotonicity.csv,proved (hand argument); finite controls,Rechecked in clean core run; standard monotone principle credited,Lemma 1; Section II
C02,First-hit stop-frontier soundness and uncapped bounded completeness,Theorem 1,proofs/theory.md §3,src/checker.py preservation,26 control bundles; all reduction subsets,results/clean-reproduction/summary.json,proved (hand argument); finite checked,Caps can produce UNKNOWN; no general code proof,Theorem 1; Figure 1
C03,Certified deterministic zero-fill and restricted simplification,Theorem 2,proofs/theory.md §4,src/checker.py emitted_model,output mutation and control emission,results/clean-reproduction/mutation_results.csv,proved (hand argument); finite checked,Checker reconstructs output; no arbitrary optimizer claim,Theorem 2
C04,Positive K plus every final-context deletion witness certifies inclusion minimality,Theorem 3,proofs/theory.md §5,src/checker.py verify_bundle,26 bundles and minimum-gap,results/clean-reproduction/control_results.csv,proved (hand argument); finite checked,No minimum-cardinality claim,Theorem 3; control table
C05,Shortest input-primary canonical witnesses require replay and predecessor exclusion,Theorem 4,proofs/theory.md §6,src/checker.py canonical,35 control witnesses; reduction witnesses; nonleast mutations,results/clean-reproduction/mutation_results.csv,proved (hand argument); finite checked,No unique-root-cause interpretation,Theorem 4; certificate table
C06,Validity is coNP-complete in explicit-circuit/unary-horizon family,Theorem 5(a),proofs/theory.md §7,src/cases.py validity,16 circuits and all retained subsets,results/clean-reproduction/reduction_conditions.csv,proved (hand reduction); finite construction checks,Not asymptotics of fixed prototype caps,Theorem 5(i)
C07,Given-set validity and inclusion minimality is DP-complete,Theorem 5(b),proofs/theory.md §7,src/cases.py minimality,16 UNSAT/SAT pairs and all subsets,results/clean-reproduction/reduction_conditions.csv,proved (hand reduction); finite construction checks,H=0 acyclic witnesses; no novelty priority claim,Theorem 5(ii)
C08,Size-bounded valid-set existence is Sigma2P-complete,Theorem 5(c),proofs/theory.md §7,src/cases.py choice,64 quantified circuits and all subsets,results/clean-reproduction/reduction_conditions.csv,proved (hand reduction); finite construction checks,No polynomial certificate claim,Theorem 5(iii)
C09,109 generated models; 928 subset queries; 35 canonical control witnesses,Finite core campaign,tests/oracles.py,reproduce.py,fixed 13+96 selection,results/clean-reproduction/summary.json,finite checked,Clean extraction exit 0; generated-model breadth only,Section VII; control table
C10,5401 mixed-context transition checks and retained old-state mutant detected,Coverage repair,tests/oracles.py hand_step,reproduce.py semantic_tests and retained_equation_regression,13 direct controls,results/clean-reproduction/summary.json,finite checked,All-cut-only initial coverage is superseded but retained,Section VII
C11,16 invalid mutations rejected; one safe superset accepted; two budget UNKNOWNs,Negative controls,reproduce.py mutate_checks,src/checker.py,19 mutation cases,results/clean-reproduction/mutation_results.csv,finite checked,Does not imply all corrupt bundles are rejected,certificate table
C12,Fewer retained equations can increase proof frontier and checking work,Constructive comparison,proofs/theory.md §8,post-completion fixture,first-hit / waveform / fixed-K baseline,results/clean-reproduction/post_completion_baselines.csv,measured exact fixture; explained by finite semantics,1/33/338 vs 3/9/32; fixed-K first-hit 3/5/16,Figure 3; Section VII
C13,Checker separates parsing/evaluation and imports no producer/oracle,Source property,ir-contract.md,src/checker.py,AST/import audit; direct oracles,results/clean-reproduction/summary.json,source inspected; finite checked,Not external human review or mechanized verification,Section VI; Figure 2
C14,All documented core commands succeed from fresh standalone extraction,Reproduction,README.md,reproduce.py; CLI entry points,clean extraction,results/clean-reproduction/cli-runs.json,measured command execution,Logical source/fixture closure preserved; no hash manifest,Section VII
C15,Ten restricted public source modules translate to matching equation transitions,Public-RTL pilot,rtl-subset.md,src/rtl_frontend.py; rtl-pilot.py independent step functions,10 fixed Yosys target modules; 1377 traces,results/rtl-pilot/rtl_equivalence.csv,finite checked,4965 full-state/done samples; no unrestricted language theorem,Section VII; RTL table
C16,Four translated public counters yield accepted minimal bundles,Public-RTL certificate pilot,rtl-subset.md,src/producer.py; src/checker.py,cmos-counter-3; intro-counter-2; asic-tutorial-counter-4; sat-priority-counter-4,results/rtl-pilot/rtl_slice_bundles.csv,finite checked,Each has one candidate; no useful-compression claim,Section VII; RTL table
C17,Three fixed source-translation faults are detected,Public-RTL negative controls,rtl-subset.md,rtl-pilot.py independent steps,drop enable hold; reset inversion; stale dependency fault,results/rtl-pilot/rtl_negative_controls.csv,finite checked,"Detection at 2, 2, and 51 paired samples; not mutation completeness",Section VII
C18,Expanded restricted public pilot succeeds under clean standalone replay,Reproduction,README.md,rtl-pilot.py --mode replay; src/rtl_translation_checker.py; src/checker.py,clean artifact copy; 10 translations; 4 retained bundles,results/clean-rtl-replay/run.json; results/clean-rtl-replay/summary.json,measured command execution,Exit 0; 5803 semantic units; minimization not repeated,Section VII
C19,Accessible 12+5+5 literature calibration and bounded object-level delta,Research-readiness gate,literature-status.md; literature-calibration.csv,none,"22 primary full-text calibration rows; 12 closest, 5 influential, 5 adjacent",literature-calibration.csv,supported for accessible calibration; exact anchor mechanism delta not established,Rechecked 2026-09-16; unread ICCAD 2024 anchor excluded and no absence claim made,Related Work; Boundaries
C20,Unrestricted source-to-IR preservation and accelerator-scale relevance,Research-readiness gate,rtl-subset.md,restricted dual-parser translation validation only,10 small public modules; no accelerator suite,results/rtl-pilot/summary.json,not established beyond accepted restricted instances,"HOLD: no unrestricted/mechanized frontend, accelerator baseline, or simulator equivalence",Limits only
C21,Completed internal 12-page manuscript with more than 55 cited references,Paper-format gate,paper/README.md,LaTeX build and citation audit,12-page clean build; 56 bibliography entries; all 56 cited,paper/paper.pdf; paper/main.aux; paper/main.bbl,"compiled, citation-audited, and visually checked",No claim of TCAD acceptance/readiness; exact anchor and broader system holds remain,Whole manuscript
C22,"Independent validator binds the unique pinned source bytes, manifest harness, and manifest-declared candidate universe to all ten translated equation models",Restricted translation-validation obligation,rtl-subset.md; ir-contract.md; fixed manifest,src/rtl_translation_checker.py (strict source-byte decode; internal manifest cuttable parse; no frontend/producer/checker imports),10 pinned Yosys target modules; detached-text and candidate-universe joint substitutions,results/rtl-pilot/translation_validation.csv; results/translation-static-risk-repair-summary.json,finite structurally validated; validator hardened by targeted regression,10 normal accepts; 601 internal comparisons; both pre-fix risks retained truthfully and both repaired joint substitutions rejected; parser/runtime remain trusted,Section VI-VII; Figure 2; RTL table
C23,"Eight retained binding mutations, one independent byte substitution, and two joint source/candidate substitutions are rejected after validator repair",Translation-validation negative controls,rtl-subset.md,rtl-pilot.py; src/rtl_translation_checker.py,blob; bytes; horizon; domain; init; cut; done; case-priority; detached text+matching IR; external empty candidate set+cut=false IR,results/rtl-pilot/translation_validation_mutations.csv; results/translation-static-risk-postfix.json,finite checked in retained and targeted repair receipts,8/8 retained controls plus 1 byte and 2 joint controls rejected; no claim that retained ten translations were previously wrong,Section VII
C24,Campaign accounting includes omitted translation tests and all actual review-repair validation work,Resource/accounting gate,pilot-protocol.md; results/reproduction-notes.md,retained run summaries; corrected regression receipt; pre/post repair receipts,core; earlier public runs; expanded generation; clean replay; final checker replay; historical regression correction; targeted repair,results/campaign-accounting.json; results/software-regression.json; results/translation-static-risk-pre-fix.json; results/translation-static-risk-postfix.json,measured accounting with explicit planning-ceiling overrun,149999 corrected historical freeze; 150022 executed total; 22-unit overrun; no historical minimization or large search rerun,Section VII
C25,Recent close-work and bibliography integrity are rechecked without padding the reference count,Related-work and release-quality gate,literature-calibration.csv; paper/references.bib,full-text calibration; BibTeX and citation-key audit,Rtl2lean and Granite full-text screen; IVC author-name correction; all-entry citation audit,literature-calibration.csv; paper/main.aux; paper/main.bbl,bibliographically rechecked,56 of 56 entries cited; this does not establish absence of mechanisms in the unread ICCAD 2024 anchor or external novelty acceptance,Related Work; References
C26,Retained regression plus targeted repair suite exercise parser certificate translation mutation provenance and closure behavior,Software-quality gate,README.md; tests/,run-tests.py; src/checker.py; src/rtl_translation_checker.py,19 retained tests; suite definition 21; five targeted methods; ten translations; eight binding mutations; byte substitution; two joint substitutions; three dynamic faults,results/software-regression.json; results/translation-static-risk-postfix.json,finite software regression; 102 corrected historical units plus 21 post-fix units; structural checks separate,Retained PASS receipt plus affected-path PASS after repair; not proof-assistant verification or unrestricted RTL testing,Sections VI-VII
C27,Bibliography exceeds the 55-entry requirement without uncited padding and records verification depth per source,Reference-integrity gate,bibliography-audit.csv; literature-calibration.csv,audit-bibliography.py,56 bibliography entries; 56 cited; 22 full-text calibration rows overall (21 represented in the manuscript bibliography),results/bibliography-audit.json; bibliography-audit.csv,bibliographically audited,Verification status distinguishes full-text calibration authoritative metadata and scholarly metadata review; no novelty-acceptance claim,Related Work; References
C28,All manuscript quantitative displays and release counts are statically reconciled with retained raw evidence,Paper-data integrity gate,paper/figures/frontiers.csv; paper/control-table.tex; paper/rtl-table.tex; paper/main.tex,verify-paper-data.py,15 plotted values; 13 control rows; 10 public-RTL rows; certificate controls; bibliography and accounting text,results/paper-data-audit.json; results/clean-reproduction/*.csv; results/rtl-pilot/*.csv,statically independently rechecked against retained files,PASS; no search or semantic execution repeated; visual correctness inspected separately,Figure 3; Tables II-IV; Sections VII-IX
