name,url,license,access_date,resource_type,acquisition_method,integration_mode,supported_claim,internals_modified,status
IEEE journal class and bibliography style,https://template-selector.ieee.org/,LPPL notice preserved in supplied files,2026-09-15,template,user-supplied TEMPLATE.zip; exact class/style copied,paper build only,unaltered IEEE journal family; live selector identity must be rechecked,no,supplied assets present and unmodified
TCAD submission instructions,https://ieee-ceda.org/publications/tcad/tcad-paper-submissions,read-only official page; not redistributed,2026-09-16,venue rules,first-party page read,workflow evidence only,current regular-paper length/format and disclosure route,not applicable,rechecked; does not imply readiness
Anchor publication record,https://collaborate.princeton.edu/en/publications/automatic-generation-of-cycle-accurate-timing-models-from-rtl-for/,read-only metadata/abstract; not redistributed,2026-09-16,primary scholarly record,first-party institutional record,bibliographic and abstract verification,title; byline; DOI; host proceedings; dependency/constraint framing; six-design reported scope,not applicable,record and abstract read; full article unavailable
Anchor proceedings record,https://dblp.org/rec/conf/iccad/ZengGM24,read-only bibliographic metadata; not redistributed,2026-09-16,scholarly bibliography,DBLP record,page-range and event-year verification,pages 155:1-155:8; ICCAD 2024 record,not applicable,metadata only
Anchor full paper,https://dl.acm.org/doi/pdf/10.1145/3676536.3676657,not acquired; no redistribution,2026-09-16,scholarly paper,publisher/DOI/institutional/author routes attempted,none,"no absence claim about certificate, validation, minimality, or diagnostic machinery",not applicable,not obtained in this environment
Yosys public RTL examples,https://github.com/YosysHQ/yosys/tree/d0e71cfb7bcafe2b437f3edc1789b69e99ecd55a,ISC license copied with sources,2026-09-12,public source code,GitHub connector; ten exact target modules at fixed commit,unmodified sources parsed by restricted adapter and independent translation validator,ten-source restricted source-to-equation validation and bounded replay,no,exact paths/blob identifiers in public_rtl/yosys/manifest.csv; upstream notice retained
Python standard library,https://docs.python.org/3/library/,runtime not redistributed; upstream terms apply,2026-09-11,execution dependency,preinstalled interpreter,original code imports standard library only,offline finite checking and file processing,no,used; no package installation
Generated equation fixtures,project-local:cases/,MIT; generated in this project,2026-09-11,generated models,deterministic generators,exact stored JSON checked against generators,13 semantic controls and 96 reduction instances,not applicable,109 base models; separate from ten pinned public target modules
The Polynomial-Time Hierarchy,https://www.sciencedirect.com/science/article/pii/030439757690061X,publisher terms; no article redistributed,2026-09-11,scholarly background,publisher metadata/selected record,bibliographic background only,complexity-class context,no,not represented as a new reduction source
The Complexity of Facets,https://www.sciencedirect.com/science/article/pii/0022000084900680,publisher terms; no article redistributed,2026-09-11,scholarly background,publisher metadata/selected record,bibliographic background only,DP-class context,no,not represented as a new reduction source
Instruction-Level Abstraction (ILA): A Uniform Specification for System-on-Chip (SoC) Verification,https://arxiv.org/html/1801.01114v2,read-only scholarly source or author manuscript; not redistributed,2026-09-15,scholarly paper,primary full text/author manuscript and authoritative record inspected,literature calibration and related-work comparison only,"Provides a richer functional interface abstraction; it does not certify a supplied bounded dependency cut, final-context minimality, or canonical first-completion diagnostics.",not applicable,calibrated as closest-design-automation; not executed or redistributed
Application-Level Validation of Accelerator Designs Using a Formal Software/Hardware Interface,https://arxiv.org/html/2203.00218v2,read-only scholarly source or author manuscript; not redistributed,2026-09-15,scholarly paper,primary full text/author manuscript and authoritative record inspected,literature calibration and related-work comparison only,Validates a richer application interface; the present work instead gives a small consumer-side certificate for one bounded first-completion cut.,not applicable,calibrated as closest-design-automation; not executed or redistributed
LightningSim: Fast and Accurate Trace-Based Simulation for High-Level Synthesis,https://arxiv.org/html/2304.11219,read-only scholarly source or author manuscript; not redistributed,2026-09-15,scholarly paper,primary full text/author manuscript and authoritative record inspected,literature calibration and related-work comparison only,Optimizes simulation accuracy and speed; this project measures checker evidence for a supplied bounded cut and makes no throughput claim.,not applicable,calibrated as closest-design-automation; not executed or redistributed
OmniSim: Simulating Hardware with C Speed and RTL Accuracy for High-Level Synthesis Designs,https://arxiv.org/html/2508.19299,read-only scholarly source or author manuscript; not redistributed,2026-09-16,scholarly paper,primary full text/author manuscript and authoritative record inspected,literature calibration and related-work comparison only,Broadens workload and simulator coverage; the present contribution is a bounded semantic certificate and negative cost boundary.,not applicable,calibrated as closest-design-automation; not executed or redistributed
FireSim: FPGA-Accelerated Cycle-Exact Scale-Out System Simulation in the Public Cloud,https://www2.eecs.berkeley.edu/Pubs/TechRpts/2018/Archive/EECS-2018-154.pdf,read-only scholarly source or author manuscript; not redistributed,2026-09-15,scholarly paper,primary full text/author manuscript and authoritative record inspected,literature calibration and related-work comparison only,Establishes simulation scale rather than consumer-checkable dependency evidence; this paper deliberately does not compete on speed.,not applicable,calibrated as closest-design-automation; not executed or redistributed
Yosys: A Free Verilog Synthesis Suite,https://yosyshq.net/yosys/files/yosys-austrochip2013.pdf,read-only scholarly source or author manuscript; not redistributed,2026-09-15,scholarly paper,primary full text/author manuscript and authoritative record inspected,literature calibration and related-work comparison only,Supplies public inputs and frontend context; the artifact adds accepted-instance source/harness/IR validation plus a separate certificate checker.,not applicable,calibrated as closest-design-automation; not executed or redistributed
"Reusability is FIRRTL Ground: Hardware Construction Languages, Compiler Frameworks, and Transformations",https://doi.org/10.1109/ICCAD.2017.8203780,read-only scholarly source or author manuscript; not redistributed,2026-09-15,scholarly paper,primary full text/author manuscript and authoritative record inspected,literature calibration and related-work comparison only,Clarifies the value of a typed IR; this project fixes a smaller equation semantics and checks observation-specific cut evidence.,not applicable,calibrated as closest-design-automation; not executed or redistributed
Kami: A Platform for High-Level Parametric Hardware Specification and Its Modular Verification,https://adam.chlipala.net/papers/KamiICFP17/KamiICFP17.pdf,read-only scholarly source or author manuscript; not redistributed,2026-09-15,scholarly paper,primary full text/author manuscript and authoritative record inspected,literature calibration and related-work comparison only,"Stronger mechanized design proof, but not a compact consumer-checkable certificate for an untrusted timing-slice producer.",not applicable,calibrated as closest-design-automation; not executed or redistributed
"ISA Semantics for ARMv8-A, RISC-V, and CHERI-MIPS",https://alastairreid.github.io/papers/popl19-isasemantics.pdf,read-only scholarly source or author manuscript; not redistributed,2026-09-15,scholarly paper,primary full text/author manuscript and authoritative record inspected,literature calibration and related-work comparison only,Shows how source semantics can be centralized; this project instead validates a narrow accepted-source lowering and checks bounded timing evidence.,not applicable,calibrated as closest-design-automation; not executed or redistributed
Accelerating Precise End-to-End Simulation: Latency-Sensitive Many-Core System Modeling,https://arxiv.org/html/2605.07750,read-only scholarly source or author manuscript; not redistributed,2026-09-16,scholarly paper,primary full text/author manuscript and authoritative record inspected,literature calibration and related-work comparison only,A close modern timing-model comparator; the present work makes no approximate-performance claim and instead certifies a bounded observation.,not applicable,calibrated as closest-design-automation; not executed or redistributed
Rtl2lean: Automated RTL-to-Lean Translation with Hierarchical Theorem Generation and Lemma Reuse,https://arxiv.org/html/2607.16855v1,read-only scholarly source or author manuscript; not redistributed,2026-09-16,scholarly paper,primary full text/author manuscript and authoritative record inspected,literature calibration and related-work comparison only,"Stronger mechanization of source and proof, whereas this project contributes producer-independent cut, minimality, and canonical-diagnostic certificates for a bounded semantics.",not applicable,calibrated as closest-design-automation; not executed or redistributed
Granite: A Modular Methodology for Foundational Verification of Hardware-Software Leakage Contracts,https://arxiv.org/html/2607.27480v1,read-only scholarly source or author manuscript; not redistributed,2026-09-16,scholarly paper,primary full text/author manuscript and authoritative record inspected,literature calibration and related-work comparison only,Granite proves stronger end-to-end contracts; the present object is a small bounded certificate accepted independently of the slice producer.,not applicable,calibrated as closest-design-automation; not executed or redistributed
Symbolic Model Checking without BDDs,https://kilthub.cmu.edu/articles/journal_contribution/Symbolic_Model_Checking_without_BDDs/6610115,read-only scholarly source or author manuscript; not redistributed,2026-09-15,scholarly paper,primary full text/author manuscript and authoritative record inspected,literature calibration and related-work comparison only,Supplies the bounded-verification foundation; this project fixes an explicit certificate format and independently replays universal product evidence.,not applicable,calibrated as influential-formal-methods; not executed or redistributed
SAT-Based Model Checking without Unrolling,https://theory.stanford.edu/~arbrad/,read-only scholarly source or author manuscript; not redistributed,2026-09-15,scholarly paper,primary full text/author manuscript and authoritative record inspected,literature calibration and related-work comparison only,"Could replace explicit search internally, but the paper's contribution is the consumer-visible evidence contract rather than IC3 itself.",not applicable,calibrated as influential-formal-methods; not executed or redistributed
Counterexample-Guided Abstraction Refinement,https://doi.org/10.1184/R1/6604547,read-only scholarly source or author manuscript; not redistributed,2026-09-15,scholarly paper,primary full text/author manuscript and authoritative record inspected,literature calibration and related-work comparison only,CEGAR discovers a suitable abstraction iteratively; this project checks a supplied final cut and diagnostic order without trusting its search.,not applicable,calibrated as influential-formal-methods; not executed or redistributed
Translation Validation,https://weizmann.esploro.exlibrisgroup.com/esploro/outputs/conferenceProceeding/Translation-validation/993262143603596,read-only scholarly source or author manuscript; not redistributed,2026-09-15,scholarly paper,primary full text/author manuscript and authoritative record inspected,literature calibration and related-work comparison only,"The source/harness/IR gate follows this principle, while the second checker validates timing preservation, minimality, diagnostics, and output reconstruction.",not applicable,calibrated as influential-formal-methods; not executed or redistributed
Proof-Carrying Code,https://doi.org/10.1145/263699.263712,read-only scholarly source or author manuscript; not redistributed,2026-09-15,scholarly paper,primary full text/author manuscript and authoritative record inspected,literature calibration and related-work comparison only,Provides the architectural model; this work instantiates it for bounded first-completion slices with separate source and bundle acceptance gates.,not applicable,calibrated as influential-formal-methods; not executed or redistributed
Program Slicing,https://dblp.org/rec/conf/icse/Weiser81,read-only scholarly source or author manuscript; not redistributed,2026-09-15,scholarly paper,primary full text/author manuscript and authoritative record inspected,literature calibration and related-work comparison only,Supplies the root notion of observation-relative deletion; this paper specializes it to bounded synchronous equations and independently checkable evidence.,not applicable,calibrated as adjacent-minimality-diagnosis; not executed or redistributed
The Program Dependence Graph and Its Use in Optimization,https://research.ibm.com/publications/the-program-dependence-graph-and-its-use-in-optimization,read-only scholarly source or author manuscript; not redistributed,2026-09-15,scholarly paper,primary full text/author manuscript and authoritative record inspected,literature calibration and related-work comparison only,"Dependency graphs motivate candidates, but preservation and final-context necessity are checked semantically over transaction observations.",not applicable,calibrated as adjacent-minimality-diagnosis; not executed or redistributed
Efficient Generation of Inductive Validity Cores for Safety Properties,https://arxiv.org/abs/1603.04276,read-only scholarly source or author manuscript; not redistributed,2026-09-15,scholarly paper,primary full text/author manuscript and authoritative record inspected,literature calibration and related-work comparison only,"The present work explicitly credits monotonicity and greedy inclusion minimality, adding timing-specific positive/negative certificates and canonical witnesses.",not applicable,calibrated as adjacent-minimality-diagnosis; not executed or redistributed
Algorithms for Computing Minimal Unsatisfiable Subsets of Constraints,https://doi.org/10.1007/s10817-007-9084-z,read-only scholarly source or author manuscript; not redistributed,2026-09-15,scholarly paper,primary full text/author manuscript and authoritative record inspected,literature calibration and related-work comparison only,Clarifies subset minimality versus minimum cardinality; the certificate here proves necessity in the final retained timing context.,not applicable,calibrated as adjacent-minimality-diagnosis; not executed or redistributed
QuickXplain: Preferred Explanations and Relaxations for Over-Constrained Problems,https://cdn.aaai.org/AAAI/2004/AAAI04-027.pdf,read-only scholarly source or author manuscript; not redistributed,2026-09-15,scholarly paper,primary full text/author manuscript and authoritative record inspected,literature calibration and related-work comparison only,"Informs ordered deletion/minimality reasoning, while this work additionally certifies shortest lexicographic temporal counterexamples.",not applicable,calibrated as adjacent-minimality-diagnosis; not executed or redistributed
