id,question,target_guarantee,mechanism,falsifier_or_boundary,current_evidence,decision,resource_and_novelty_assessment
F1,Keep the unsliced source,Identity preservation; obvious baseline,No omissions,No speed or reduction benefit,Source model and fixed-K diagnostic,baseline,Low compute; no novelty by itself
F2,Syntactic completion cone,Conservative dependency closure,Backward graph reachability,Retains semantically canceling or post-completion dependencies,Emitter live-cone phase; analytical baseline only,baseline; no standalone claim,Linear structural pass; scope too weak for the target
F3,Direct fixed-zero replacement,Exact timing preservation by a deterministic rewrite,Evaluate each chosen replacement,Nonmonotone validity defeats single-deletion minimality shortcut,Two-wire XOR counterexample,refuted as a monotone minimization foundation,Small exact control; general search remains difficult
F4,Havoc cuts with waveform equality,All completion samples agree,Product safety and monotone equation weakening,Standard core result; potentially oversized retained set,Implemented; 13 control bundles,comparison baseline,Explicit enumeration; no novel core theorem claimed
F5,Havoc cuts with first-hit equality,Capped first-completion time agrees,Stop on simultaneous completion; layerwise certificates,Larger havoc frontier despite fewer equations,Implemented; proof and 13 control bundles,"current bounded evidence vehicle, not research-locked",Exponential bit-space; prototype fits only small controls
F6,Compose independently safe omissions,Reuse original-context positive certificates,Union separately omitted equations,a=b=0 with completion a AND b makes the union unsafe,Exact two-equation noncomposition example,null result for naive composition,Requires joint context or a stronger interface theorem
F7,Minimum-cardinality retained set,Smallest number of retained candidates,Subset choice with universal preservation,Sigma_2^P hardness already in combinational acyclic circuits,Proof and 64 quantified-choice instances,boundary result; no general optimizer implemented,General efficient claim rejected; restricted structure would need proof
F8,Replay-only timing witness,A concrete differentiating prefix,Replay an extractor-selected trace,Replayable prefix may be nonleast,Input and cut noncanonical negative controls,diagnostic baseline only,Cheap replay cannot certify exclusion
F9,Canonical timing witness with exclusion,"Shortest, input-primary least prefix",Two-sign ordered product frontiers,Missing predecessor or wrong lexicographic order,Proof; 35 independent full-prefix witness checks,implemented bounded mechanism,At most nine sign combinations; still exponential semantic work
F10,Compact symbolic proof certificates,Small independent checking overhead on large RTL,BDD/SAT or inductive certificates,State-entry count alone hides valuation enumeration; frontend gap,Complexity obstruction; not implemented or evaluated,open; no compactness claim,Needs a separate symbolic proof format and independent validator
F11,Unbounded completion preservation,Equality beyond a fixed transaction horizon,Inductive temporal reasoning,Nontermination and environment contracts change the problem,No implementation or theorem claimed,outside current bounded scope,Not substituted for the declared finite transaction question
F12,No distinct TCAD contribution established,Honest negative research-lock decision,Compare closest results and evidence requirements,Rebranding an IVC construction as new RTL extraction,Known overlap plus missing anchor/public RTL/calibration,"research lock HOLD, not a completed paper",Retain current proofs and code; repair source/delta first
