case,provenance,registers,register_bits,state_combinations,wires,input_ports,input_combinations,horizon,expression_nodes,max_word_width,cuttable_equations,cuttable_bits
choice-1-1-000,generated,0,0,1,2,1,2,0,12,1,2,2
choice-1-1-001,generated,0,0,1,2,1,2,0,16,1,2,2
choice-1-1-002,generated,0,0,1,2,1,2,0,15,1,2,2
choice-1-1-003,generated,0,0,1,2,1,2,0,21,1,2,2
choice-1-1-004,generated,0,0,1,2,1,2,0,15,1,2,2
choice-1-1-005,generated,0,0,1,2,1,2,0,21,1,2,2
choice-1-1-006,generated,0,0,1,2,1,2,0,20,1,2,2
choice-1-1-007,generated,0,0,1,2,1,2,0,26,1,2,2
choice-1-1-008,generated,0,0,1,2,1,2,0,14,1,2,2
choice-1-1-009,generated,0,0,1,2,1,2,0,20,1,2,2
choice-1-1-010,generated,0,0,1,2,1,2,0,19,1,2,2
choice-1-1-011,generated,0,0,1,2,1,2,0,25,1,2,2
choice-1-1-012,generated,0,0,1,2,1,2,0,19,1,2,2
choice-1-1-013,generated,0,0,1,2,1,2,0,25,1,2,2
choice-1-1-014,generated,0,0,1,2,1,2,0,24,1,2,2
choice-1-1-015,generated,0,0,1,2,1,2,0,30,1,2,2
choice-2-0-000,generated,0,0,1,4,0,1,0,22,1,4,4
choice-2-0-001,generated,0,0,1,4,0,1,0,26,1,4,4
choice-2-0-002,generated,0,0,1,4,0,1,0,25,1,4,4
choice-2-0-003,generated,0,0,1,4,0,1,0,31,1,4,4
choice-2-0-004,generated,0,0,1,4,0,1,0,25,1,4,4
choice-2-0-005,generated,0,0,1,4,0,1,0,31,1,4,4
choice-2-0-006,generated,0,0,1,4,0,1,0,30,1,4,4
choice-2-0-007,generated,0,0,1,4,0,1,0,36,1,4,4
choice-2-0-008,generated,0,0,1,4,0,1,0,24,1,4,4
choice-2-0-009,generated,0,0,1,4,0,1,0,30,1,4,4
choice-2-0-010,generated,0,0,1,4,0,1,0,29,1,4,4
choice-2-0-011,generated,0,0,1,4,0,1,0,35,1,4,4
choice-2-0-012,generated,0,0,1,4,0,1,0,29,1,4,4
choice-2-0-013,generated,0,0,1,4,0,1,0,35,1,4,4
choice-2-0-014,generated,0,0,1,4,0,1,0,34,1,4,4
choice-2-0-015,generated,0,0,1,4,0,1,0,40,1,4,4
choice-2-1-000,generated,0,0,1,4,1,2,0,22,1,4,4
choice-2-1-015,generated,0,0,1,4,1,2,0,52,1,4,4
choice-2-1-016,generated,0,0,1,4,1,2,0,28,1,4,4
choice-2-1-017,generated,0,0,1,4,1,2,0,37,1,4,4
choice-2-1-018,generated,0,0,1,4,1,2,0,36,1,4,4
choice-2-1-019,generated,0,0,1,4,1,2,0,45,1,4,4
choice-2-1-052,generated,0,0,1,4,1,2,0,43,1,4,4
choice-2-1-053,generated,0,0,1,4,1,2,0,52,1,4,4
choice-2-1-054,generated,0,0,1,4,1,2,0,51,1,4,4
choice-2-1-055,generated,0,0,1,4,1,2,0,60,1,4,4
choice-2-1-088,generated,0,0,1,4,1,2,0,42,1,4,4
choice-2-1-089,generated,0,0,1,4,1,2,0,51,1,4,4
choice-2-1-090,generated,0,0,1,4,1,2,0,50,1,4,4
choice-2-1-091,generated,0,0,1,4,1,2,0,59,1,4,4
choice-2-1-092,generated,0,0,1,4,1,2,0,50,1,4,4
choice-2-1-125,generated,0,0,1,4,1,2,0,66,1,4,4
choice-2-1-126,generated,0,0,1,4,1,2,0,65,1,4,4
choice-2-1-127,generated,0,0,1,4,1,2,0,74,1,4,4
choice-2-1-128,generated,0,0,1,4,1,2,0,26,1,4,4
choice-2-1-162,generated,0,0,1,4,1,2,0,41,1,4,4
choice-2-1-163,generated,0,0,1,4,1,2,0,50,1,4,4
choice-2-1-164,generated,0,0,1,4,1,2,0,41,1,4,4
choice-2-1-165,generated,0,0,1,4,1,2,0,50,1,4,4
choice-2-1-198,generated,0,0,1,4,1,2,0,49,1,4,4
choice-2-1-199,generated,0,0,1,4,1,2,0,58,1,4,4
choice-2-1-200,generated,0,0,1,4,1,2,0,40,1,4,4
choice-2-1-201,generated,0,0,1,4,1,2,0,49,1,4,4
choice-2-1-235,generated,0,0,1,4,1,2,0,64,1,4,4
choice-2-1-236,generated,0,0,1,4,1,2,0,55,1,4,4
choice-2-1-237,generated,0,0,1,4,1,2,0,64,1,4,4
choice-2-1-238,generated,0,0,1,4,1,2,0,63,1,4,4
choice-2-1-255,generated,0,0,1,4,1,2,0,80,1,4,4
concat-slice,generated,0,0,1,2,2,4,1,6,2,2,3
enable-counter,generated,1,2,4,1,1,2,4,10,2,2,3
initial-completion,generated,1,1,2,0,1,2,3,2,1,1,1
joint-omission,generated,0,0,1,2,0,1,0,5,1,2,2
minimality-0-0,generated,0,0,1,2,2,4,0,9,1,2,2
minimality-0-1,generated,0,0,1,2,2,4,0,10,1,2,2
minimality-0-2,generated,0,0,1,2,2,4,0,9,1,2,2
minimality-0-3,generated,0,0,1,2,2,4,0,12,1,2,2
minimality-1-0,generated,0,0,1,2,2,4,0,10,1,2,2
minimality-1-1,generated,0,0,1,2,2,4,0,11,1,2,2
minimality-1-2,generated,0,0,1,2,2,4,0,10,1,2,2
minimality-1-3,generated,0,0,1,2,2,4,0,13,1,2,2
minimality-2-0,generated,0,0,1,2,2,4,0,9,1,2,2
minimality-2-1,generated,0,0,1,2,2,4,0,10,1,2,2
minimality-2-2,generated,0,0,1,2,2,4,0,9,1,2,2
minimality-2-3,generated,0,0,1,2,2,4,0,12,1,2,2
minimality-3-0,generated,0,0,1,2,2,4,0,12,1,2,2
minimality-3-1,generated,0,0,1,2,2,4,0,13,1,2,2
minimality-3-2,generated,0,0,1,2,2,4,0,12,1,2,2
minimality-3-3,generated,0,0,1,2,2,4,0,15,1,2,2
minimum-gap,generated,0,0,1,3,0,1,0,8,1,3,3
never-complete,generated,1,1,2,0,0,1,3,3,1,1,1
old-value-pipeline,generated,2,2,4,0,1,2,3,3,1,2,2
post-completion,generated,3,5,32,0,1,2,4,25,2,3,5
reset-counter,generated,1,2,4,1,2,4,3,13,2,2,3
shared-wire,generated,0,0,1,1,1,2,2,4,1,1,1
validity-00,generated,0,0,1,1,2,4,0,4,1,1,1
validity-01,generated,0,0,1,1,2,4,0,8,1,1,1
validity-02,generated,0,0,1,1,2,4,0,7,1,1,1
validity-03,generated,0,0,1,1,2,4,0,13,1,1,1
validity-04,generated,0,0,1,1,2,4,0,7,1,1,1
validity-05,generated,0,0,1,1,2,4,0,13,1,1,1
validity-06,generated,0,0,1,1,2,4,0,12,1,1,1
validity-07,generated,0,0,1,1,2,4,0,18,1,1,1
validity-08,generated,0,0,1,1,2,4,0,6,1,1,1
validity-09,generated,0,0,1,1,2,4,0,12,1,1,1
validity-10,generated,0,0,1,1,2,4,0,11,1,1,1
validity-11,generated,0,0,1,1,2,4,0,17,1,1,1
validity-12,generated,0,0,1,1,2,4,0,11,1,1,1
validity-13,generated,0,0,1,1,2,4,0,17,1,1,1
validity-14,generated,0,0,1,1,2,4,0,16,1,1,1
validity-15,generated,0,0,1,1,2,4,0,22,1,1,1
wire-width,generated,0,0,1,1,1,4,1,6,2,1,2
wrap-counter,generated,1,2,4,0,0,1,4,6,2,1,2
zero-cancellation,generated,0,0,1,2,0,1,0,5,1,2,2
cmos-counter-3,public-rtl-fixed,1,3,8,0,2,4,4,19,3,1,3
intro-counter-2,public-rtl-fixed,1,2,4,0,2,4,3,19,2,1,2
smt2-counter,public-rtl-fixed,1,4,16,0,0,1,4,21,4,0,0
verific-counter,public-rtl-fixed,1,4,16,0,1,2,4,17,4,0,0
smtbmc-demo4,public-rtl-fixed,2,32,4294967296,0,3,16,2,40,16,0,0
asic-up-counter-8,public-rtl-fixed,1,8,256,0,2,4,3,19,8,0,0
asic-up-down-8,public-rtl-fixed,1,8,256,0,2,4,3,30,8,0,0
asic-load-counter-8,public-rtl-fixed,1,8,256,0,4,24,2,30,8,0,0
asic-tutorial-counter-4,public-rtl-fixed,1,4,16,0,2,4,3,25,4,1,4
sat-priority-counter-4,public-rtl-fixed,1,4,16,1,1,2,4,41,4,1,4
