class,bibkey,title,year,venue,full_text_url,access_date,reading_scope,motivating_problem,general_principle,correctness_or_performance_argument,practical_connection,evaluation_breadth,artifact_strength,narrative_sequence,delta_for_this_project
closest-design-automation,huang2019ila,Instruction-Level Abstraction (ILA): A Uniform Specification for System-on-Chip (SoC) Verification,2019,ACM TODAES,https://arxiv.org/html/1801.01114v2,2026-09-15,"Primary full text inspected; introduction, formal model, modeling/verification case studies, discussion, related work, and conclusion calibrated.",Accelerator-rich SoCs lack a uniform formal software-visible hardware specification.,Model processors and accelerators uniformly as hierarchical instruction-level state-transition abstractions.,Equivalence checking between ILAs and between an ILA and an FSM implementation under a formal execution semantics.,"AES, Gaussian-blur, RBM accelerators and a RISC-V processor; modeling and verification case studies.",Several accelerator domains plus one general-purpose processor.,"Formal definitions and detailed case studies; tool-backed verification context, but not a delivered dependency-cut certificate.",Heterogeneous-SoC specification gap -> ILA semantics and hierarchy -> modeling/verification case studies -> boundary and future uses.,"Provides a richer functional interface abstraction; it does not certify a supplied bounded dependency cut, final-context minimality, or canonical first-completion diagnostics."
closest-design-automation,huang2024application,Application-Level Validation of Accelerator Designs Using a Formal Software/Hardware Interface,2024,ACM TODAES,https://arxiv.org/html/2203.00218v2,2026-09-15,"Primary full text inspected; motivation, interface formalization, validation workflow, case studies, evaluation, limitations, and conclusion calibrated.",Application-level accelerator validation is expensive and software/hardware interfaces are frequently underspecified.,Use an ILA-based formal interface to connect application software behavior with accelerator implementations and flexible matching.,Compositional refinement/equivalence obligations and solver-aided matching validate software-visible behavior across abstraction levels.,"End-to-end accelerator application case studies, including detection of a concrete design flaw.",Multiple accelerator/application stacks with software and hardware components.,Systematic formal workflow and case studies; focuses on application-level functional validation rather than timing-slice certificates.,Application validation gap -> formal interface -> matching/refinement workflow -> case studies and discovered defect -> limitations.,Validates a richer application interface; the present work instead gives a small consumer-side certificate for one bounded first-completion cut.
closest-design-automation,sarkar2023lightningsim,LightningSim: Fast and Accurate Trace-Based Simulation for High-Level Synthesis,2023,IEEE FCCM,https://arxiv.org/html/2304.11219,2026-09-15,"Primary full text inspected; architecture, trace/schedule method, stall/deadlock handling, evaluation, related work, and limitations calibrated.",C simulation misses hardware timing while RTL co-simulation is too slow for iterative HLS development.,Combine an LLVM execution trace with static HLS scheduling information to reconstruct cycle behavior quickly.,Timing is checked empirically against HLS RTL co-simulation; the model also analyzes stalls and deadlocks.,A tool integrated with HLS workflows for rapid design iteration.,Thirty-three reported benchmarks with timing-accuracy and speed comparisons.,Executable simulator and comparative evaluation; no independent proof object for each discarded dependency.,Slow RTL feedback -> trace/schedule reconstruction -> implementation -> accuracy/speed/deadlock evaluation -> scope limits.,Optimizes simulation accuracy and speed; this project measures checker evidence for a supplied bounded cut and makes no throughput claim.
closest-design-automation,sarkar2025omnisim,OmniSim: Simulating Hardware with C Speed and RTL Accuracy for High-Level Synthesis Designs,2025,arXiv preprint,https://arxiv.org/html/2508.19299,2026-09-15,"Primary full text inspected; motivation, orchestration/timing-table method, supported dataflow patterns, comparative evaluation, limitations, and conclusion calibrated.","Existing fast HLS simulators do not cover complex dataflow, multithreading, and FIFO interactions well enough.",Orchestrate software execution with hardware timing tables and explicit communication semantics.,Empirical agreement with RTL/HLS co-simulation and comparative performance against prior simulators.,Complex HLS dataflow designs and practical design-space iteration.,Eleven reported complex designs with comparative timing and speed results.,Broad timing/functional simulator evidence; no producer-independent cut/minimality certificate.,Coverage gap -> unified simulation architecture -> implementation -> accuracy/speed comparison -> remaining unsupported behavior.,Broadens workload and simulator coverage; the present contribution is a bounded semantic certificate and negative cost boundary.
closest-design-automation,karandikar2018firesim,FireSim: FPGA-Accelerated Cycle-Exact Scale-Out System Simulation in the Public Cloud,2018,ISCA,https://www2.eecs.berkeley.edu/Pubs/TechRpts/2018/Archive/EECS-2018-154.pdf,2026-09-15,"Archived primary full report inspected; system architecture, decoupled simulation method, deployment, scale-out case studies, performance, and limitations calibrated.",Cycle-exact simulation of large scale-out systems is too slow and costly in conventional software environments.,Map RTL-derived target models and networks onto elastic cloud FPGAs using decoupled host/target interfaces.,Cycle-exact execution is preserved by the FPGA simulation architecture; evidence is large-scale empirical deployment and rate measurements.,Warehouse-scale hardware/software co-design and microarchitectural exploration.,"Up to 1,024 nodes / 4,096 cores plus several system-research case studies.","Open, scalable simulation platform and extensive system evidence; no proof-carrying slice object.",Scale-out simulation barrier -> FPGA/cloud architecture -> deployment automation -> large-scale demonstrations -> research uses.,Establishes simulation scale rather than consumer-checkable dependency evidence; this paper deliberately does not compete on speed.
closest-design-automation,wolf2013yosys,Yosys: A Free Verilog Synthesis Suite,2013,Austrochip,https://yosyshq.net/yosys/files/yosys-austrochip2013.pdf,2026-09-15,"Primary full paper inspected visually and textually; motivation, RTLIL architecture, pass framework, use cases, evaluation, and conclusion calibrated.","Research needs an open, extensible Verilog synthesis framework rather than opaque commercial flows.",Lower HDL into RTLIL and apply modular synthesis/analysis passes before backend emission.,"Engineering validation through real designs, pass composition, and comparison/use cases rather than a formal frontend theorem.",The present artifact pins ten unmodified Yosys sources and preserves the upstream ISC notice.,Multiple fine- and coarse-grain synthesis use cases and real-world Verilog support.,Mature open infrastructure; its parser/lowering remains trusted unless separately validated.,Closed-tool barrier -> open RTLIL/pass architecture -> representative flows -> evaluation -> extensibility.,Supplies public inputs and frontend context; the artifact adds accepted-instance source/harness/IR validation plus a separate certificate checker.
closest-design-automation,izraelevitz2017firrtl,"Reusability is FIRRTL Ground: Hardware Construction Languages, Compiler Frameworks, and Transformations",2017,IEEE/ACM ICCAD,https://doi.org/10.1109/ICCAD.2017.8203780,2026-09-15,"Primary paper inspected through the IEEE record/full-text route; compiler-IR motivation, FIRRTL design, transformation examples, evaluation, and conclusion calibrated.","Hardware construction languages lack a reusable, technology-independent compiler framework comparable to software ecosystems.",Use an open typed hardware IR and reusable compiler passes to separate construction languages from technology-specific RTL.,Transformation semantics and engineering case studies demonstrate reuse; the paper does not attach a per-output semantic certificate.,"Compiler analyses, optimizations, instrumentations, and specializations for hardware generators.",A broad catalogue of compiler transformations and HCL examples.,Open IR/compiler foundation with practical transformations; not proof-carrying timing slicing.,Hardware reuse gap -> FIRRTL/HCF design -> transformation catalogue -> examples/evaluation -> ecosystem implications.,Clarifies the value of a typed IR; this project fixes a smaller equation semantics and checks observation-specific cut evidence.
closest-design-automation,choi2017kami,Kami: A Platform for High-Level Parametric Hardware Specification and Its Modular Verification,2017,PACMPL / ICFP,https://adam.chlipala.net/papers/KamiICFP17/KamiICFP17.pdf,2026-09-15,"Primary full paper inspected; transition-system semantics, modular refinement methodology, Coq automation, multicore case study, evaluation, and conclusion calibrated.",Industrial model checking proves isolated properties but does not compose naturally into full-system hardware theorems.,Specify Bluespec-style hardware as labeled transition systems in Coq and prove modular refinements compositionally.,Kernel-checked Coq proofs and extraction to synthesizable hardware establish end-to-end functional correctness for the modeled designs.,An infinite family of cache-coherent shared-memory multicore systems with pipelined RISC-V cores.,"Parametric multicore and processor components, with proof automation and synthesis path.",Mechanized specifications and proofs; different object and trust boundary from post-hoc dependency-cut certificates.,Compositional proof gap -> Coq hardware semantics -> modular refinement rules -> verified multicore case study -> lessons.,"Stronger mechanized design proof, but not a compact consumer-checkable certificate for an untrusted timing-slice producer."
closest-design-automation,armstrong2019sail,"ISA Semantics for ARMv8-A, RISC-V, and CHERI-MIPS",2019,PACMPL / POPL,https://alastairreid.github.io/papers/popl19-isasemantics.pdf,2026-09-15,"Primary full paper inspected through parsed text and available visual pages; language design, executable semantics, theorem-prover generation, validation, architecture case studies, and conclusion calibrated.","Large ISA prose specifications are ambiguous, hard to execute, and duplicated across simulators and proof assistants.",Define typed executable ISA semantics once in Sail and generate interpreters plus theorem-prover definitions.,"Cross-validation against architecture tests, executable models, and proof-assistant backends supports semantic fidelity.","ARMv8-A, RISC-V, and CHERI-MIPS models, including OS-boot and toolchain uses.",Three substantial ISAs and multiple generated backends.,Shared executable/formal source semantics; not an RTL dependency-slice certificate.,ISA-specification duplication -> Sail language and semantics -> generated tools/proofs -> architecture-scale validation -> limitations.,Shows how source semantics can be centralized; this project instead validates a narrow accepted-source lowering and checks bounded timing evidence.
closest-design-automation,li2026endtoend,Accelerating Precise End-to-End Simulation: Latency-Sensitive Many-Core System Modeling,2026,arXiv preprint,https://arxiv.org/html/2605.07750,2026-09-15,"Primary full text inspected; layered timing model, latency-sensitive components, validation protocol, workloads, performance/accuracy results, and limitations calibrated.",RTL simulation is too slow while conventional abstractions lose latency interactions important to many-core systems.,"Compose layered, latency-sensitive component models to retain key end-to-end timing effects.",Empirical comparison against precise reference simulation reports bounded error and substantial speedup.,Large many-core systems and end-to-end workloads.,"Reported scaling to 1,024 cores with multiple workloads and component studies.",Recent broad timing-model evaluation; no replayable semantic certificate for a retained dependency set.,Accuracy/speed tension -> layered model -> component integration -> large-scale comparison -> scope.,A close modern timing-model comparator; the present work makes no approximate-performance claim and instead certifies a bounded observation.
closest-design-automation,lyu2026rtl2lean,Rtl2lean: Automated RTL-to-Lean Translation with Hierarchical Theorem Generation and Lemma Reuse,2026,arXiv preprint,https://arxiv.org/html/2607.16855v1,2026-09-15,"Primary full text inspected; RTL-to-Lean pipeline, theorem hierarchy, lemma reuse, kernel-checking boundary, experiments, threats, and conclusion calibrated.",Manual formalization of RTL in theorem provers is labor intensive and impedes scalable proof reuse.,Translate RTL automatically into Lean transition models and generate hierarchical theorem libraries with reusable lemmas.,Generated proofs are checked by the Lean kernel; experiments report theorem coverage and lemma reuse across six designs.,"Six RTL designs, hundreds of generated theorems, and reusable verification tasks.","Six designs and 403 reported theorems, including reuse and automation measurements.",Mechanized source/proof chain with a small trusted kernel; translation correctness still depends on the generated encoding and checked theorem statements.,Manual-proof bottleneck -> translation/theorem architecture -> proof generation and reuse -> multi-design evaluation -> limitations.,"Stronger mechanization of source and proof, whereas this project contributes producer-independent cut, minimality, and canonical-diagnostic certificates for a bounded semantics."
closest-design-automation,lau2026granite,Granite: A Modular Methodology for Foundational Verification of Hardware-Software Leakage Contracts,2026,arXiv preprint,https://arxiv.org/html/2607.27480v1,2026-09-15,"Primary full text inspected; public-observable contract model, Rocq refinement methodology, processor case study, composition, limitations, and conclusion calibrated.",Cycle-level timing leakage crosses hardware/software boundaries and is difficult to verify compositionally.,Use deterministic public-observable specification machines and modular Rocq refinements for functional and leakage contracts.,"Foundational, kernel-checked compositional proofs connect implementation behavior to cycle-level contracts.","A pipelined processor with speculation, interrupts, and I/O.",Substantial processor case study with hardware/software contract composition.,Mechanized end-to-end confidentiality/refinement evidence; not dependency-slice minimality or first-completion diagnosis.,Leakage-contract gap -> public-observable semantics -> modular proof method -> processor proof -> boundaries.,Granite proves stronger end-to-end contracts; the present object is a small bounded certificate accepted independently of the slice producer.
influential-formal-methods,biere1999bmc,Symbolic Model Checking without BDDs,1999,TACAS,https://kilthub.cmu.edu/articles/journal_contribution/Symbolic_Model_Checking_without_BDDs/6610115,2026-09-15,"Accessible primary full text inspected; SAT unrolling construction, bounded LTL argument, counterexample handling, experiments, and conclusion calibrated.",BDD-based symbolic model checking can suffer severe memory blow-up.,Reduce bounded temporal model checking to propositional satisfiability over finite unrollings.,The bounded encoding connects SAT assignments to finite counterexamples; preliminary experiments compare practical behavior.,Finite-state reactive-system verification and short counterexample generation.,Preliminary benchmark examples from hardware-style model checking.,"Foundational decision procedure, not a delivered observation-specific slice proof.",BDD bottleneck -> SAT bounded encoding -> correctness intuition -> implementation/experiments -> bounds.,Supplies the bounded-verification foundation; this project fixes an explicit certificate format and independently replays universal product evidence.
influential-formal-methods,bradley2011ic3,SAT-Based Model Checking without Unrolling,2011,VMCAI,https://theory.stanford.edu/~arbrad/,2026-09-15,"Author-hosted primary paper inspected; relative induction, clause propagation, counterexample production, experiments, and conclusion calibrated.",Repeated transition unrolling can make SAT-based safety checking inefficient.,Incrementally build relatively inductive clauses over approximate reachability frames.,The algorithm converges to an inductive strengthening or returns a counterexample; experiments demonstrate practical generalization.,Safety-property model checking for finite-state transition systems.,Standard model-checking benchmarks and comparison with contemporary SAT approaches.,Powerful symbolic invariant engine; no proof-carrying dependency-slice bundle in the present sense.,Unrolling limitation -> relative induction -> algorithm -> correctness/convergence -> experiments.,"Could replace explicit search internally, but the paper's contribution is the consumer-visible evidence contract rather than IC3 itself."
influential-formal-methods,clarke2000cegar,Counterexample-Guided Abstraction Refinement,2000,CAV,https://doi.org/10.1184/R1/6604547,2026-09-15,"Accessible CMU full text inspected; abstraction construction, spurious-counterexample analysis, refinement, implementation, experiments, and limitations calibrated.",Manual abstraction is a major obstacle to applying symbolic model checking to industrial designs.,"Start with a coarse abstraction, analyze spurious counterexamples, and refine only the distinctions needed to eliminate them.",Simulation-based abstraction preserves property reasoning while refinement eliminates spurious traces; NuSMV experiments support effectiveness.,"Industrial-style hardware verification, including a reported large Fujitsu IP example.",Several experiments including a design with hundreds of latches and substantial SMV code.,Foundational abstraction loop; final evidence is not packaged as the bounded cut/minimality certificate defined here.,State explosion/manual abstraction -> automatic abstraction -> counterexample analysis/refinement -> implementation -> experiments.,CEGAR discovers a suitable abstraction iteratively; this project checks a supplied final cut and diagnostic order without trusting its search.
influential-formal-methods,pnueli1998translation,Translation Validation,1998,TACAS,https://weizmann.esploro.exlibrisgroup.com/esploro/outputs/conferenceProceeding/Translation-validation/993262143603596,2026-09-15,"Primary institutional full record and paper text inspected; semantic framework, refinement relation, simulation proof method, SIGNAL-to-C case, and conclusion calibrated.",Proving every implementation of a complex optimizing translator correct is often impractical.,Validate each concrete translation instance in a common semantic framework.,A simulation/refinement proof checks that the produced target implements the submitted source for that run.,Translation from synchronous multi-clock SIGNAL to asynchronous sequential C.,One challenging compiler case used to demonstrate the general validation architecture.,Directly motivates an untrusted producer plus independent validator; the exact semantics and evidence object differ.,Compiler-proof difficulty -> per-instance validation -> common semantics/refinement -> case study -> general requirements.,"The source/harness/IR gate follows this principle, while the second checker validates timing preservation, minimality, diagnostics, and output reconstruction."
influential-formal-methods,necula1997pcc,Proof-Carrying Code,1997,POPL,https://doi.org/10.1145/263699.263712,2026-09-15,"Primary full paper inspected; producer/consumer architecture, safety-policy proof representation, checker boundary, examples, costs, and conclusion calibrated.",A host must safely execute code supplied by an untrusted producer without trusting the producer's toolchain.,Require the producer to ship a formal safety proof that a small consumer-side checker validates.,Soundness follows from the proof rules and trusted checker/policy; examples demonstrate feasibility and proof-checking costs.,Safe native-code distribution and mobile-code scenarios.,Representative low-level code and proof-construction/checking experiments.,Canonical proof-carrying architecture; policy and proof object are code-safety rather than timing-slice preservation.,Untrusted-code risk -> producer-supplied proof -> consumer checker -> implementation/examples -> trust/cost discussion.,Provides the architectural model; this work instantiates it for bounded first-completion slices with separate source and bundle acceptance gates.
adjacent-minimality-diagnosis,weiser1981slicing,Program Slicing,1981,ICSE,https://dblp.org/rec/conf/icse/Weiser81,2026-09-15,"Seminal paper text and authoritative bibliographic record inspected; slicing criterion, construction intuition, examples, uses, and limitations calibrated.",Debugging and understanding programs is difficult when irrelevant statements obscure a value of interest.,Delete statements that cannot affect a selected program point and variable while preserving the criterion's behavior.,Semantic relevance to the slicing criterion defines the retained subset; examples illustrate executable slices.,"Debugging, program comprehension, and maintenance.",Illustrative programs rather than a modern large benchmark campaign.,"Foundational semantic idea; no hardware transaction semantics, universal havoc, or proof-carrying certificate.",Debugging relevance problem -> slicing criterion -> construction/examples -> applications and limits.,Supplies the root notion of observation-relative deletion; this paper specializes it to bounded synchronous equations and independently checkable evidence.
adjacent-minimality-diagnosis,ferrante1987pdg,The Program Dependence Graph and Its Use in Optimization,1987,ACM TOPLAS,https://research.ibm.com/publications/the-program-dependence-graph-and-its-use-in-optimization,2026-09-15,"Primary IBM paper/full record inspected; data/control dependence definitions, PDG representation, transformations, incremental update example, and conclusion calibrated.",Separate control-flow and data-flow representations complicate optimization and dependence reasoning.,Represent essential data and control dependences uniformly in a program dependence graph.,Dependence-preserving graph transformations support optimization; examples include vectorization and incremental updates.,Compiler optimization and transformation infrastructure.,Algorithmic examples and transformation scenarios rather than a broad empirical suite.,Foundational dependency representation; reachability alone is insufficient for the semantic timing claim here.,Representation gap -> PDG definition -> uniform transformations -> incremental optimization -> implications.,"Dependency graphs motivate candidates, but preservation and final-context necessity are checked semantically over transaction observations."
adjacent-minimality-diagnosis,ghassabani2016ivc,Efficient Generation of Inductive Validity Cores for Safety Properties,2016,ACM FSE,https://arxiv.org/abs/1603.04276,2026-09-15,"Primary full author manuscript inspected; IVC definition, UNSAT-core algorithm, correctness proof, JKind implementation, evaluation, minimality discussion, and conclusion calibrated.",Successful model-checking proofs give little traceability about which model elements were necessary.,Extract inductive validity cores using SMT UNSAT support and minimize them under a monotone safety-proof notion.,"The algorithm is proved correct and evaluated for speed, diversity, and minimality in JKind/Lustre.","Requirements traceability, overconstraint diagnosis, and coverage analysis.",A benchmark campaign over Lustre safety models with several core-generation variants.,"Closest minimality foundation; its object is a support core for an inductive proof, not a first-completion cut with source/output binding.",Proof-traceability gap -> IVC definition -> algorithms and proof -> implementation/evaluation -> diagnostic uses.,"The present work explicitly credits monotonicity and greedy inclusion minimality, adding timing-specific positive/negative certificates and canonical witnesses."
adjacent-minimality-diagnosis,liffiton2008mus,Algorithms for Computing Minimal Unsatisfiable Subsets of Constraints,2008,Journal of Automated Reasoning,https://doi.org/10.1007/s10817-007-9084-z,2026-09-15,"Primary full paper inspected through the author/publisher route; MUS/MCS relationship, algorithms, soundness/completeness, variants, experiments, and conclusion calibrated.",Users need exact minimal explanations of infeasible constraint systems rather than nonminimal cores.,Exploit the dual relationship between minimal correction sets and minimal unsatisfiable subsets to enumerate or extract MUSes.,Soundness/completeness arguments accompany SAT implementations and experimental comparisons.,"Diagnosis, explanation, and repair of overconstrained systems.",Boolean SAT benchmarks with several complete and relaxed algorithm variants.,General exact minimal-conflict machinery; no temporal observation or source-binding semantics.,Explanation gap -> MUS/MCS duality -> algorithms -> correctness/variants -> experiments.,Clarifies subset minimality versus minimum cardinality; the certificate here proves necessity in the final retained timing context.
adjacent-minimality-diagnosis,junker2004quickxplain,QuickXplain: Preferred Explanations and Relaxations for Over-Constrained Problems,2004,AAAI,https://cdn.aaai.org/AAAI/2004/AAAI04-027.pdf,2026-09-15,"Primary full conference paper inspected; preferred-conflict definition, divide-and-conquer algorithm, solver-generic interface, industrial motivation, evaluation/example, and conclusion calibrated.","Overconstrained systems can have exponentially many conflicts, while users need small preferred explanations and relaxations.",Use ordered preferences and divide-and-conquer consistency tests to compute a preferred irreducible conflict.,The recursive procedure preserves conflict/minimality conditions with a solver oracle; examples and industrial use motivate efficiency.,Interactive configuration and other CP/SAT/DL explanation tasks.,Algorithmic examples and industrial configuration context rather than a large uniform benchmark.,Solver-agnostic minimal-conflict template; no timing semantics or proof-carrying output program.,Explanation overload -> preference model -> divide-and-conquer algorithm -> examples/application -> limitations.,"Informs ordered deletion/minimality reasoning, while this work additionally certifies shortest lexicographic temporal counterexamples."
