case,observation,candidates,retained,retained_ids,source_registers,timing_registers,source_nodes,timing_nodes,frontier_entries,preservation_obligations,bundle_checker_obligations
joint-omission,first-hit,2,1,w:b,0,0,5,1,1,2,7
joint-omission,waveform,2,1,w:b,0,0,5,1,1,2,7
zero-cancellation,first-hit,2,2,w:a;w:b,0,0,5,1,1,1,7
zero-cancellation,waveform,2,2,w:a;w:b,0,0,5,1,1,1,7
post-completion,first-hit,3,1,r:phase,3,1,25,18,33,338,535
post-completion,waveform,3,3,r:flag;r:payload;r:phase,3,3,25,25,9,32,453
enable-counter,first-hit,2,2,r:q;w:gate,1,1,10,10,14,46,258
enable-counter,waveform,2,2,r:q;w:gate,1,1,10,10,14,48,260
reset-counter,first-hit,2,2,r:q;w:rst,1,1,13,13,9,56,452
reset-counter,waveform,2,2,r:q;w:rst,1,1,13,13,10,64,460
old-value-pipeline,first-hit,2,2,r:a;r:b,2,2,3,3,11,32,116
old-value-pipeline,waveform,2,2,r:a;r:b,2,2,3,3,11,36,120
wrap-counter,first-hit,1,1,r:q,1,1,6,6,2,3,15
wrap-counter,waveform,1,1,r:q,1,1,6,6,5,9,21
never-complete,first-hit,1,0,,1,0,3,1,7,17,17
never-complete,waveform,1,0,,1,0,3,1,7,17,17
initial-completion,first-hit,1,0,,1,1,2,2,1,2,2
initial-completion,waveform,1,1,r:q,1,1,2,2,7,24,41
wire-width,first-hit,1,1,w:w,0,0,6,6,2,11,28
wire-width,waveform,1,1,w:w,0,0,6,6,2,12,29
concat-slice,first-hit,2,2,w:joined;w:top,0,0,6,6,2,10,36
concat-slice,waveform,2,2,w:joined;w:top,0,0,6,6,2,12,38
shared-wire,first-hit,1,0,,0,0,4,1,3,20,20
shared-wire,waveform,1,0,,0,0,4,1,3,20,20
minimum-gap,first-hit,3,2,w:b;w:c,0,0,8,1,1,2,12
minimum-gap,waveform,3,2,w:b;w:c,0,0,8,1,1,2,12
