case,family,retained,expected,observed,certificate_checked
validity-00,validity,,valid,valid,True
validity-00,validity,w:c,valid,valid,True
validity-01,validity,,invalid,invalid,True
validity-01,validity,w:c,valid,valid,True
validity-02,validity,,invalid,invalid,True
validity-02,validity,w:c,valid,valid,True
validity-03,validity,,invalid,invalid,True
validity-03,validity,w:c,valid,valid,True
validity-04,validity,,invalid,invalid,True
validity-04,validity,w:c,valid,valid,True
validity-05,validity,,invalid,invalid,True
validity-05,validity,w:c,valid,valid,True
validity-06,validity,,invalid,invalid,True
validity-06,validity,w:c,valid,valid,True
validity-07,validity,,invalid,invalid,True
validity-07,validity,w:c,valid,valid,True
validity-08,validity,,invalid,invalid,True
validity-08,validity,w:c,valid,valid,True
validity-09,validity,,invalid,invalid,True
validity-09,validity,w:c,valid,valid,True
validity-10,validity,,invalid,invalid,True
validity-10,validity,w:c,valid,valid,True
validity-11,validity,,invalid,invalid,True
validity-11,validity,w:c,valid,valid,True
validity-12,validity,,invalid,invalid,True
validity-12,validity,w:c,valid,valid,True
validity-13,validity,,invalid,invalid,True
validity-13,validity,w:c,valid,valid,True
validity-14,validity,,invalid,invalid,True
validity-14,validity,w:c,valid,valid,True
validity-15,validity,,invalid,invalid,True
validity-15,validity,w:c,valid,valid,True
minimality-0-0,minimality,,valid,valid,True
minimality-0-0,minimality,w:c,valid,valid,True
minimality-0-0,minimality,w:r,valid,valid,True
minimality-0-0,minimality,w:c;w:r,valid,valid,True
minimality-0-1,minimality,,invalid,invalid,True
minimality-0-1,minimality,w:c,invalid,invalid,True
minimality-0-1,minimality,w:r,valid,valid,True
minimality-0-1,minimality,w:c;w:r,valid,valid,True
minimality-0-2,minimality,,invalid,invalid,True
minimality-0-2,minimality,w:c,invalid,invalid,True
minimality-0-2,minimality,w:r,valid,valid,True
minimality-0-2,minimality,w:c;w:r,valid,valid,True
minimality-0-3,minimality,,invalid,invalid,True
minimality-0-3,minimality,w:c,invalid,invalid,True
minimality-0-3,minimality,w:r,valid,valid,True
minimality-0-3,minimality,w:c;w:r,valid,valid,True
minimality-1-0,minimality,,invalid,invalid,True
minimality-1-0,minimality,w:c,valid,valid,True
minimality-1-0,minimality,w:r,invalid,invalid,True
minimality-1-0,minimality,w:c;w:r,valid,valid,True
minimality-1-1,minimality,,invalid,invalid,True
minimality-1-1,minimality,w:c,invalid,invalid,True
minimality-1-1,minimality,w:r,invalid,invalid,True
minimality-1-1,minimality,w:c;w:r,valid,valid,True
minimality-1-2,minimality,,invalid,invalid,True
minimality-1-2,minimality,w:c,invalid,invalid,True
minimality-1-2,minimality,w:r,invalid,invalid,True
minimality-1-2,minimality,w:c;w:r,valid,valid,True
minimality-1-3,minimality,,invalid,invalid,True
minimality-1-3,minimality,w:c,invalid,invalid,True
minimality-1-3,minimality,w:r,invalid,invalid,True
minimality-1-3,minimality,w:c;w:r,valid,valid,True
minimality-2-0,minimality,,invalid,invalid,True
minimality-2-0,minimality,w:c,valid,valid,True
minimality-2-0,minimality,w:r,invalid,invalid,True
minimality-2-0,minimality,w:c;w:r,valid,valid,True
minimality-2-1,minimality,,invalid,invalid,True
minimality-2-1,minimality,w:c,invalid,invalid,True
minimality-2-1,minimality,w:r,invalid,invalid,True
minimality-2-1,minimality,w:c;w:r,valid,valid,True
minimality-2-2,minimality,,invalid,invalid,True
minimality-2-2,minimality,w:c,invalid,invalid,True
minimality-2-2,minimality,w:r,invalid,invalid,True
minimality-2-2,minimality,w:c;w:r,valid,valid,True
minimality-2-3,minimality,,invalid,invalid,True
minimality-2-3,minimality,w:c,invalid,invalid,True
minimality-2-3,minimality,w:r,invalid,invalid,True
minimality-2-3,minimality,w:c;w:r,valid,valid,True
minimality-3-0,minimality,,invalid,invalid,True
minimality-3-0,minimality,w:c,valid,valid,True
minimality-3-0,minimality,w:r,invalid,invalid,True
minimality-3-0,minimality,w:c;w:r,valid,valid,True
minimality-3-1,minimality,,invalid,invalid,True
minimality-3-1,minimality,w:c,invalid,invalid,True
minimality-3-1,minimality,w:r,invalid,invalid,True
minimality-3-1,minimality,w:c;w:r,valid,valid,True
minimality-3-2,minimality,,invalid,invalid,True
minimality-3-2,minimality,w:c,invalid,invalid,True
minimality-3-2,minimality,w:r,invalid,invalid,True
minimality-3-2,minimality,w:c;w:r,valid,valid,True
minimality-3-3,minimality,,invalid,invalid,True
minimality-3-3,minimality,w:c,invalid,invalid,True
minimality-3-3,minimality,w:r,invalid,invalid,True
minimality-3-3,minimality,w:c;w:r,valid,valid,True
choice-1-1-000,choice,,invalid,invalid,True
choice-1-1-000,choice,w:a0,invalid,invalid,True
choice-1-1-000,choice,w:b0,invalid,invalid,True
choice-1-1-000,choice,w:a0;w:b0,valid,valid,True
choice-1-1-001,choice,,invalid,invalid,True
choice-1-1-001,choice,w:a0,invalid,invalid,True
choice-1-1-001,choice,w:b0,invalid,invalid,True
choice-1-1-001,choice,w:a0;w:b0,valid,valid,True
choice-1-1-002,choice,,invalid,invalid,True
choice-1-1-002,choice,w:a0,invalid,invalid,True
choice-1-1-002,choice,w:b0,invalid,invalid,True
choice-1-1-002,choice,w:a0;w:b0,valid,valid,True
choice-1-1-003,choice,,invalid,invalid,True
choice-1-1-003,choice,w:a0,valid,valid,True
choice-1-1-003,choice,w:b0,invalid,invalid,True
choice-1-1-003,choice,w:a0;w:b0,valid,valid,True
choice-1-1-004,choice,,invalid,invalid,True
choice-1-1-004,choice,w:a0,invalid,invalid,True
choice-1-1-004,choice,w:b0,invalid,invalid,True
choice-1-1-004,choice,w:a0;w:b0,valid,valid,True
choice-1-1-005,choice,,invalid,invalid,True
choice-1-1-005,choice,w:a0,invalid,invalid,True
choice-1-1-005,choice,w:b0,invalid,invalid,True
choice-1-1-005,choice,w:a0;w:b0,valid,valid,True
choice-1-1-006,choice,,invalid,invalid,True
choice-1-1-006,choice,w:a0,invalid,invalid,True
choice-1-1-006,choice,w:b0,invalid,invalid,True
choice-1-1-006,choice,w:a0;w:b0,valid,valid,True
choice-1-1-007,choice,,invalid,invalid,True
choice-1-1-007,choice,w:a0,valid,valid,True
choice-1-1-007,choice,w:b0,invalid,invalid,True
choice-1-1-007,choice,w:a0;w:b0,valid,valid,True
choice-1-1-008,choice,,invalid,invalid,True
choice-1-1-008,choice,w:a0,invalid,invalid,True
choice-1-1-008,choice,w:b0,invalid,invalid,True
choice-1-1-008,choice,w:a0;w:b0,valid,valid,True
choice-1-1-009,choice,,invalid,invalid,True
choice-1-1-009,choice,w:a0,invalid,invalid,True
choice-1-1-009,choice,w:b0,invalid,invalid,True
choice-1-1-009,choice,w:a0;w:b0,valid,valid,True
choice-1-1-010,choice,,invalid,invalid,True
choice-1-1-010,choice,w:a0,invalid,invalid,True
choice-1-1-010,choice,w:b0,invalid,invalid,True
choice-1-1-010,choice,w:a0;w:b0,valid,valid,True
choice-1-1-011,choice,,invalid,invalid,True
choice-1-1-011,choice,w:a0,valid,valid,True
choice-1-1-011,choice,w:b0,invalid,invalid,True
choice-1-1-011,choice,w:a0;w:b0,valid,valid,True
choice-1-1-012,choice,,invalid,invalid,True
choice-1-1-012,choice,w:a0,invalid,invalid,True
choice-1-1-012,choice,w:b0,valid,valid,True
choice-1-1-012,choice,w:a0;w:b0,valid,valid,True
choice-1-1-013,choice,,invalid,invalid,True
choice-1-1-013,choice,w:a0,invalid,invalid,True
choice-1-1-013,choice,w:b0,valid,valid,True
choice-1-1-013,choice,w:a0;w:b0,valid,valid,True
choice-1-1-014,choice,,invalid,invalid,True
choice-1-1-014,choice,w:a0,invalid,invalid,True
choice-1-1-014,choice,w:b0,valid,valid,True
choice-1-1-014,choice,w:a0;w:b0,valid,valid,True
choice-1-1-015,choice,,invalid,invalid,True
choice-1-1-015,choice,w:a0,valid,valid,True
choice-1-1-015,choice,w:b0,valid,valid,True
choice-1-1-015,choice,w:a0;w:b0,valid,valid,True
choice-2-0-000,choice,,invalid,invalid,True
choice-2-0-000,choice,w:a0,invalid,invalid,True
choice-2-0-000,choice,w:b0,invalid,invalid,True
choice-2-0-000,choice,w:a0;w:b0,invalid,invalid,True
choice-2-0-000,choice,w:a1,invalid,invalid,True
choice-2-0-000,choice,w:a0;w:a1,invalid,invalid,True
choice-2-0-000,choice,w:a1;w:b0,invalid,invalid,True
choice-2-0-000,choice,w:a0;w:a1;w:b0,valid,valid,True
choice-2-0-000,choice,w:b1,invalid,invalid,True
choice-2-0-000,choice,w:a0;w:b1,invalid,invalid,True
choice-2-0-000,choice,w:b0;w:b1,invalid,invalid,True
choice-2-0-000,choice,w:a0;w:b0;w:b1,valid,valid,True
choice-2-0-000,choice,w:a1;w:b1,invalid,invalid,True
choice-2-0-000,choice,w:a0;w:a1;w:b1,valid,valid,True
choice-2-0-000,choice,w:a1;w:b0;w:b1,valid,valid,True
choice-2-0-000,choice,w:a0;w:a1;w:b0;w:b1,valid,valid,True
choice-2-0-001,choice,,invalid,invalid,True
choice-2-0-001,choice,w:a0,invalid,invalid,True
choice-2-0-001,choice,w:b0,invalid,invalid,True
choice-2-0-001,choice,w:a0;w:b0,invalid,invalid,True
choice-2-0-001,choice,w:a1,invalid,invalid,True
choice-2-0-001,choice,w:a0;w:a1,valid,valid,True
choice-2-0-001,choice,w:a1;w:b0,invalid,invalid,True
choice-2-0-001,choice,w:a0;w:a1;w:b0,valid,valid,True
choice-2-0-001,choice,w:b1,invalid,invalid,True
choice-2-0-001,choice,w:a0;w:b1,invalid,invalid,True
choice-2-0-001,choice,w:b0;w:b1,invalid,invalid,True
choice-2-0-001,choice,w:a0;w:b0;w:b1,valid,valid,True
choice-2-0-001,choice,w:a1;w:b1,invalid,invalid,True
choice-2-0-001,choice,w:a0;w:a1;w:b1,valid,valid,True
choice-2-0-001,choice,w:a1;w:b0;w:b1,valid,valid,True
choice-2-0-001,choice,w:a0;w:a1;w:b0;w:b1,valid,valid,True
choice-2-0-002,choice,,invalid,invalid,True
choice-2-0-002,choice,w:a0,invalid,invalid,True
choice-2-0-002,choice,w:b0,invalid,invalid,True
choice-2-0-002,choice,w:a0;w:b0,invalid,invalid,True
choice-2-0-002,choice,w:a1,invalid,invalid,True
choice-2-0-002,choice,w:a0;w:a1,invalid,invalid,True
choice-2-0-002,choice,w:a1;w:b0,invalid,invalid,True
choice-2-0-002,choice,w:a0;w:a1;w:b0,valid,valid,True
choice-2-0-002,choice,w:b1,invalid,invalid,True
choice-2-0-002,choice,w:a0;w:b1,valid,valid,True
choice-2-0-002,choice,w:b0;w:b1,invalid,invalid,True
choice-2-0-002,choice,w:a0;w:b0;w:b1,valid,valid,True
choice-2-0-002,choice,w:a1;w:b1,invalid,invalid,True
choice-2-0-002,choice,w:a0;w:a1;w:b1,valid,valid,True
choice-2-0-002,choice,w:a1;w:b0;w:b1,valid,valid,True
choice-2-0-002,choice,w:a0;w:a1;w:b0;w:b1,valid,valid,True
choice-2-0-003,choice,,invalid,invalid,True
choice-2-0-003,choice,w:a0,invalid,invalid,True
choice-2-0-003,choice,w:b0,invalid,invalid,True
choice-2-0-003,choice,w:a0;w:b0,invalid,invalid,True
choice-2-0-003,choice,w:a1,invalid,invalid,True
choice-2-0-003,choice,w:a0;w:a1,valid,valid,True
choice-2-0-003,choice,w:a1;w:b0,invalid,invalid,True
choice-2-0-003,choice,w:a0;w:a1;w:b0,valid,valid,True
choice-2-0-003,choice,w:b1,invalid,invalid,True
choice-2-0-003,choice,w:a0;w:b1,valid,valid,True
choice-2-0-003,choice,w:b0;w:b1,invalid,invalid,True
choice-2-0-003,choice,w:a0;w:b0;w:b1,valid,valid,True
choice-2-0-003,choice,w:a1;w:b1,invalid,invalid,True
choice-2-0-003,choice,w:a0;w:a1;w:b1,valid,valid,True
choice-2-0-003,choice,w:a1;w:b0;w:b1,valid,valid,True
choice-2-0-003,choice,w:a0;w:a1;w:b0;w:b1,valid,valid,True
choice-2-0-004,choice,,invalid,invalid,True
choice-2-0-004,choice,w:a0,invalid,invalid,True
choice-2-0-004,choice,w:b0,invalid,invalid,True
choice-2-0-004,choice,w:a0;w:b0,invalid,invalid,True
choice-2-0-004,choice,w:a1,invalid,invalid,True
choice-2-0-004,choice,w:a0;w:a1,invalid,invalid,True
choice-2-0-004,choice,w:a1;w:b0,valid,valid,True
choice-2-0-004,choice,w:a0;w:a1;w:b0,valid,valid,True
choice-2-0-004,choice,w:b1,invalid,invalid,True
choice-2-0-004,choice,w:a0;w:b1,invalid,invalid,True
choice-2-0-004,choice,w:b0;w:b1,invalid,invalid,True
choice-2-0-004,choice,w:a0;w:b0;w:b1,valid,valid,True
choice-2-0-004,choice,w:a1;w:b1,invalid,invalid,True
choice-2-0-004,choice,w:a0;w:a1;w:b1,valid,valid,True
choice-2-0-004,choice,w:a1;w:b0;w:b1,valid,valid,True
choice-2-0-004,choice,w:a0;w:a1;w:b0;w:b1,valid,valid,True
choice-2-0-005,choice,,invalid,invalid,True
choice-2-0-005,choice,w:a0,invalid,invalid,True
choice-2-0-005,choice,w:b0,invalid,invalid,True
choice-2-0-005,choice,w:a0;w:b0,invalid,invalid,True
choice-2-0-005,choice,w:a1,invalid,invalid,True
choice-2-0-005,choice,w:a0;w:a1,valid,valid,True
choice-2-0-005,choice,w:a1;w:b0,valid,valid,True
choice-2-0-005,choice,w:a0;w:a1;w:b0,valid,valid,True
choice-2-0-005,choice,w:b1,invalid,invalid,True
choice-2-0-005,choice,w:a0;w:b1,invalid,invalid,True
choice-2-0-005,choice,w:b0;w:b1,invalid,invalid,True
choice-2-0-005,choice,w:a0;w:b0;w:b1,valid,valid,True
choice-2-0-005,choice,w:a1;w:b1,invalid,invalid,True
choice-2-0-005,choice,w:a0;w:a1;w:b1,valid,valid,True
choice-2-0-005,choice,w:a1;w:b0;w:b1,valid,valid,True
choice-2-0-005,choice,w:a0;w:a1;w:b0;w:b1,valid,valid,True
choice-2-0-006,choice,,invalid,invalid,True
choice-2-0-006,choice,w:a0,invalid,invalid,True
choice-2-0-006,choice,w:b0,invalid,invalid,True
choice-2-0-006,choice,w:a0;w:b0,invalid,invalid,True
choice-2-0-006,choice,w:a1,invalid,invalid,True
choice-2-0-006,choice,w:a0;w:a1,invalid,invalid,True
choice-2-0-006,choice,w:a1;w:b0,valid,valid,True
choice-2-0-006,choice,w:a0;w:a1;w:b0,valid,valid,True
choice-2-0-006,choice,w:b1,invalid,invalid,True
choice-2-0-006,choice,w:a0;w:b1,valid,valid,True
choice-2-0-006,choice,w:b0;w:b1,invalid,invalid,True
choice-2-0-006,choice,w:a0;w:b0;w:b1,valid,valid,True
choice-2-0-006,choice,w:a1;w:b1,invalid,invalid,True
choice-2-0-006,choice,w:a0;w:a1;w:b1,valid,valid,True
choice-2-0-006,choice,w:a1;w:b0;w:b1,valid,valid,True
choice-2-0-006,choice,w:a0;w:a1;w:b0;w:b1,valid,valid,True
choice-2-0-007,choice,,invalid,invalid,True
choice-2-0-007,choice,w:a0,invalid,invalid,True
choice-2-0-007,choice,w:b0,invalid,invalid,True
choice-2-0-007,choice,w:a0;w:b0,invalid,invalid,True
choice-2-0-007,choice,w:a1,invalid,invalid,True
choice-2-0-007,choice,w:a0;w:a1,valid,valid,True
choice-2-0-007,choice,w:a1;w:b0,valid,valid,True
choice-2-0-007,choice,w:a0;w:a1;w:b0,valid,valid,True
choice-2-0-007,choice,w:b1,invalid,invalid,True
choice-2-0-007,choice,w:a0;w:b1,valid,valid,True
choice-2-0-007,choice,w:b0;w:b1,invalid,invalid,True
choice-2-0-007,choice,w:a0;w:b0;w:b1,valid,valid,True
choice-2-0-007,choice,w:a1;w:b1,invalid,invalid,True
choice-2-0-007,choice,w:a0;w:a1;w:b1,valid,valid,True
choice-2-0-007,choice,w:a1;w:b0;w:b1,valid,valid,True
choice-2-0-007,choice,w:a0;w:a1;w:b0;w:b1,valid,valid,True
choice-2-0-008,choice,,invalid,invalid,True
choice-2-0-008,choice,w:a0,invalid,invalid,True
choice-2-0-008,choice,w:b0,invalid,invalid,True
choice-2-0-008,choice,w:a0;w:b0,invalid,invalid,True
choice-2-0-008,choice,w:a1,invalid,invalid,True
choice-2-0-008,choice,w:a0;w:a1,invalid,invalid,True
choice-2-0-008,choice,w:a1;w:b0,invalid,invalid,True
choice-2-0-008,choice,w:a0;w:a1;w:b0,valid,valid,True
choice-2-0-008,choice,w:b1,invalid,invalid,True
choice-2-0-008,choice,w:a0;w:b1,invalid,invalid,True
choice-2-0-008,choice,w:b0;w:b1,valid,valid,True
choice-2-0-008,choice,w:a0;w:b0;w:b1,valid,valid,True
choice-2-0-008,choice,w:a1;w:b1,invalid,invalid,True
choice-2-0-008,choice,w:a0;w:a1;w:b1,valid,valid,True
choice-2-0-008,choice,w:a1;w:b0;w:b1,valid,valid,True
choice-2-0-008,choice,w:a0;w:a1;w:b0;w:b1,valid,valid,True
choice-2-0-009,choice,,invalid,invalid,True
choice-2-0-009,choice,w:a0,invalid,invalid,True
choice-2-0-009,choice,w:b0,invalid,invalid,True
choice-2-0-009,choice,w:a0;w:b0,invalid,invalid,True
choice-2-0-009,choice,w:a1,invalid,invalid,True
choice-2-0-009,choice,w:a0;w:a1,valid,valid,True
choice-2-0-009,choice,w:a1;w:b0,invalid,invalid,True
choice-2-0-009,choice,w:a0;w:a1;w:b0,valid,valid,True
choice-2-0-009,choice,w:b1,invalid,invalid,True
choice-2-0-009,choice,w:a0;w:b1,invalid,invalid,True
choice-2-0-009,choice,w:b0;w:b1,valid,valid,True
choice-2-0-009,choice,w:a0;w:b0;w:b1,valid,valid,True
choice-2-0-009,choice,w:a1;w:b1,invalid,invalid,True
choice-2-0-009,choice,w:a0;w:a1;w:b1,valid,valid,True
choice-2-0-009,choice,w:a1;w:b0;w:b1,valid,valid,True
choice-2-0-009,choice,w:a0;w:a1;w:b0;w:b1,valid,valid,True
choice-2-0-010,choice,,invalid,invalid,True
choice-2-0-010,choice,w:a0,invalid,invalid,True
choice-2-0-010,choice,w:b0,invalid,invalid,True
choice-2-0-010,choice,w:a0;w:b0,invalid,invalid,True
choice-2-0-010,choice,w:a1,invalid,invalid,True
choice-2-0-010,choice,w:a0;w:a1,invalid,invalid,True
choice-2-0-010,choice,w:a1;w:b0,invalid,invalid,True
choice-2-0-010,choice,w:a0;w:a1;w:b0,valid,valid,True
choice-2-0-010,choice,w:b1,invalid,invalid,True
choice-2-0-010,choice,w:a0;w:b1,valid,valid,True
choice-2-0-010,choice,w:b0;w:b1,valid,valid,True
choice-2-0-010,choice,w:a0;w:b0;w:b1,valid,valid,True
choice-2-0-010,choice,w:a1;w:b1,invalid,invalid,True
choice-2-0-010,choice,w:a0;w:a1;w:b1,valid,valid,True
choice-2-0-010,choice,w:a1;w:b0;w:b1,valid,valid,True
choice-2-0-010,choice,w:a0;w:a1;w:b0;w:b1,valid,valid,True
choice-2-0-011,choice,,invalid,invalid,True
choice-2-0-011,choice,w:a0,invalid,invalid,True
choice-2-0-011,choice,w:b0,invalid,invalid,True
choice-2-0-011,choice,w:a0;w:b0,invalid,invalid,True
choice-2-0-011,choice,w:a1,invalid,invalid,True
choice-2-0-011,choice,w:a0;w:a1,valid,valid,True
choice-2-0-011,choice,w:a1;w:b0,invalid,invalid,True
choice-2-0-011,choice,w:a0;w:a1;w:b0,valid,valid,True
choice-2-0-011,choice,w:b1,invalid,invalid,True
choice-2-0-011,choice,w:a0;w:b1,valid,valid,True
choice-2-0-011,choice,w:b0;w:b1,valid,valid,True
choice-2-0-011,choice,w:a0;w:b0;w:b1,valid,valid,True
choice-2-0-011,choice,w:a1;w:b1,invalid,invalid,True
choice-2-0-011,choice,w:a0;w:a1;w:b1,valid,valid,True
choice-2-0-011,choice,w:a1;w:b0;w:b1,valid,valid,True
choice-2-0-011,choice,w:a0;w:a1;w:b0;w:b1,valid,valid,True
choice-2-0-012,choice,,invalid,invalid,True
choice-2-0-012,choice,w:a0,invalid,invalid,True
choice-2-0-012,choice,w:b0,invalid,invalid,True
choice-2-0-012,choice,w:a0;w:b0,invalid,invalid,True
choice-2-0-012,choice,w:a1,invalid,invalid,True
choice-2-0-012,choice,w:a0;w:a1,invalid,invalid,True
choice-2-0-012,choice,w:a1;w:b0,valid,valid,True
choice-2-0-012,choice,w:a0;w:a1;w:b0,valid,valid,True
choice-2-0-012,choice,w:b1,invalid,invalid,True
choice-2-0-012,choice,w:a0;w:b1,invalid,invalid,True
choice-2-0-012,choice,w:b0;w:b1,valid,valid,True
choice-2-0-012,choice,w:a0;w:b0;w:b1,valid,valid,True
choice-2-0-012,choice,w:a1;w:b1,invalid,invalid,True
choice-2-0-012,choice,w:a0;w:a1;w:b1,valid,valid,True
choice-2-0-012,choice,w:a1;w:b0;w:b1,valid,valid,True
choice-2-0-012,choice,w:a0;w:a1;w:b0;w:b1,valid,valid,True
choice-2-0-013,choice,,invalid,invalid,True
choice-2-0-013,choice,w:a0,invalid,invalid,True
choice-2-0-013,choice,w:b0,invalid,invalid,True
choice-2-0-013,choice,w:a0;w:b0,invalid,invalid,True
choice-2-0-013,choice,w:a1,invalid,invalid,True
choice-2-0-013,choice,w:a0;w:a1,valid,valid,True
choice-2-0-013,choice,w:a1;w:b0,valid,valid,True
choice-2-0-013,choice,w:a0;w:a1;w:b0,valid,valid,True
choice-2-0-013,choice,w:b1,invalid,invalid,True
choice-2-0-013,choice,w:a0;w:b1,invalid,invalid,True
choice-2-0-013,choice,w:b0;w:b1,valid,valid,True
choice-2-0-013,choice,w:a0;w:b0;w:b1,valid,valid,True
choice-2-0-013,choice,w:a1;w:b1,invalid,invalid,True
choice-2-0-013,choice,w:a0;w:a1;w:b1,valid,valid,True
choice-2-0-013,choice,w:a1;w:b0;w:b1,valid,valid,True
choice-2-0-013,choice,w:a0;w:a1;w:b0;w:b1,valid,valid,True
choice-2-0-014,choice,,invalid,invalid,True
choice-2-0-014,choice,w:a0,invalid,invalid,True
choice-2-0-014,choice,w:b0,invalid,invalid,True
choice-2-0-014,choice,w:a0;w:b0,invalid,invalid,True
choice-2-0-014,choice,w:a1,invalid,invalid,True
choice-2-0-014,choice,w:a0;w:a1,invalid,invalid,True
choice-2-0-014,choice,w:a1;w:b0,valid,valid,True
choice-2-0-014,choice,w:a0;w:a1;w:b0,valid,valid,True
choice-2-0-014,choice,w:b1,invalid,invalid,True
choice-2-0-014,choice,w:a0;w:b1,valid,valid,True
choice-2-0-014,choice,w:b0;w:b1,valid,valid,True
choice-2-0-014,choice,w:a0;w:b0;w:b1,valid,valid,True
choice-2-0-014,choice,w:a1;w:b1,invalid,invalid,True
choice-2-0-014,choice,w:a0;w:a1;w:b1,valid,valid,True
choice-2-0-014,choice,w:a1;w:b0;w:b1,valid,valid,True
choice-2-0-014,choice,w:a0;w:a1;w:b0;w:b1,valid,valid,True
choice-2-0-015,choice,,invalid,invalid,True
choice-2-0-015,choice,w:a0,invalid,invalid,True
choice-2-0-015,choice,w:b0,invalid,invalid,True
choice-2-0-015,choice,w:a0;w:b0,invalid,invalid,True
choice-2-0-015,choice,w:a1,invalid,invalid,True
choice-2-0-015,choice,w:a0;w:a1,valid,valid,True
choice-2-0-015,choice,w:a1;w:b0,valid,valid,True
choice-2-0-015,choice,w:a0;w:a1;w:b0,valid,valid,True
choice-2-0-015,choice,w:b1,invalid,invalid,True
choice-2-0-015,choice,w:a0;w:b1,valid,valid,True
choice-2-0-015,choice,w:b0;w:b1,valid,valid,True
choice-2-0-015,choice,w:a0;w:b0;w:b1,valid,valid,True
choice-2-0-015,choice,w:a1;w:b1,invalid,invalid,True
choice-2-0-015,choice,w:a0;w:a1;w:b1,valid,valid,True
choice-2-0-015,choice,w:a1;w:b0;w:b1,valid,valid,True
choice-2-0-015,choice,w:a0;w:a1;w:b0;w:b1,valid,valid,True
choice-2-1-000,choice,,invalid,invalid,True
choice-2-1-000,choice,w:a0,invalid,invalid,True
choice-2-1-000,choice,w:b0,invalid,invalid,True
choice-2-1-000,choice,w:a0;w:b0,invalid,invalid,True
choice-2-1-000,choice,w:a1,invalid,invalid,True
choice-2-1-000,choice,w:a0;w:a1,invalid,invalid,True
choice-2-1-000,choice,w:a1;w:b0,invalid,invalid,True
choice-2-1-000,choice,w:a0;w:a1;w:b0,valid,valid,True
choice-2-1-000,choice,w:b1,invalid,invalid,True
choice-2-1-000,choice,w:a0;w:b1,invalid,invalid,True
choice-2-1-000,choice,w:b0;w:b1,invalid,invalid,True
choice-2-1-000,choice,w:a0;w:b0;w:b1,valid,valid,True
choice-2-1-000,choice,w:a1;w:b1,invalid,invalid,True
choice-2-1-000,choice,w:a0;w:a1;w:b1,valid,valid,True
choice-2-1-000,choice,w:a1;w:b0;w:b1,valid,valid,True
choice-2-1-000,choice,w:a0;w:a1;w:b0;w:b1,valid,valid,True
choice-2-1-015,choice,,invalid,invalid,True
choice-2-1-015,choice,w:a0,invalid,invalid,True
choice-2-1-015,choice,w:b0,invalid,invalid,True
choice-2-1-015,choice,w:a0;w:b0,invalid,invalid,True
choice-2-1-015,choice,w:a1,invalid,invalid,True
choice-2-1-015,choice,w:a0;w:a1,valid,valid,True
choice-2-1-015,choice,w:a1;w:b0,invalid,invalid,True
choice-2-1-015,choice,w:a0;w:a1;w:b0,valid,valid,True
choice-2-1-015,choice,w:b1,invalid,invalid,True
choice-2-1-015,choice,w:a0;w:b1,valid,valid,True
choice-2-1-015,choice,w:b0;w:b1,invalid,invalid,True
choice-2-1-015,choice,w:a0;w:b0;w:b1,valid,valid,True
choice-2-1-015,choice,w:a1;w:b1,invalid,invalid,True
choice-2-1-015,choice,w:a0;w:a1;w:b1,valid,valid,True
choice-2-1-015,choice,w:a1;w:b0;w:b1,valid,valid,True
choice-2-1-015,choice,w:a0;w:a1;w:b0;w:b1,valid,valid,True
choice-2-1-016,choice,,invalid,invalid,True
choice-2-1-016,choice,w:a0,invalid,invalid,True
choice-2-1-016,choice,w:b0,invalid,invalid,True
choice-2-1-016,choice,w:a0;w:b0,invalid,invalid,True
choice-2-1-016,choice,w:a1,invalid,invalid,True
choice-2-1-016,choice,w:a0;w:a1,invalid,invalid,True
choice-2-1-016,choice,w:a1;w:b0,invalid,invalid,True
choice-2-1-016,choice,w:a0;w:a1;w:b0,valid,valid,True
choice-2-1-016,choice,w:b1,invalid,invalid,True
choice-2-1-016,choice,w:a0;w:b1,invalid,invalid,True
choice-2-1-016,choice,w:b0;w:b1,invalid,invalid,True
choice-2-1-016,choice,w:a0;w:b0;w:b1,valid,valid,True
choice-2-1-016,choice,w:a1;w:b1,invalid,invalid,True
choice-2-1-016,choice,w:a0;w:a1;w:b1,valid,valid,True
choice-2-1-016,choice,w:a1;w:b0;w:b1,valid,valid,True
choice-2-1-016,choice,w:a0;w:a1;w:b0;w:b1,valid,valid,True
choice-2-1-017,choice,,invalid,invalid,True
choice-2-1-017,choice,w:a0,invalid,invalid,True
choice-2-1-017,choice,w:b0,invalid,invalid,True
choice-2-1-017,choice,w:a0;w:b0,invalid,invalid,True
choice-2-1-017,choice,w:a1,invalid,invalid,True
choice-2-1-017,choice,w:a0;w:a1,invalid,invalid,True
choice-2-1-017,choice,w:a1;w:b0,invalid,invalid,True
choice-2-1-017,choice,w:a0;w:a1;w:b0,valid,valid,True
choice-2-1-017,choice,w:b1,invalid,invalid,True
choice-2-1-017,choice,w:a0;w:b1,invalid,invalid,True
choice-2-1-017,choice,w:b0;w:b1,invalid,invalid,True
choice-2-1-017,choice,w:a0;w:b0;w:b1,valid,valid,True
choice-2-1-017,choice,w:a1;w:b1,invalid,invalid,True
choice-2-1-017,choice,w:a0;w:a1;w:b1,valid,valid,True
choice-2-1-017,choice,w:a1;w:b0;w:b1,valid,valid,True
choice-2-1-017,choice,w:a0;w:a1;w:b0;w:b1,valid,valid,True
choice-2-1-018,choice,,invalid,invalid,True
choice-2-1-018,choice,w:a0,invalid,invalid,True
choice-2-1-018,choice,w:b0,invalid,invalid,True
choice-2-1-018,choice,w:a0;w:b0,invalid,invalid,True
choice-2-1-018,choice,w:a1,invalid,invalid,True
choice-2-1-018,choice,w:a0;w:a1,invalid,invalid,True
choice-2-1-018,choice,w:a1;w:b0,invalid,invalid,True
choice-2-1-018,choice,w:a0;w:a1;w:b0,valid,valid,True
choice-2-1-018,choice,w:b1,invalid,invalid,True
choice-2-1-018,choice,w:a0;w:b1,invalid,invalid,True
choice-2-1-018,choice,w:b0;w:b1,invalid,invalid,True
choice-2-1-018,choice,w:a0;w:b0;w:b1,valid,valid,True
choice-2-1-018,choice,w:a1;w:b1,invalid,invalid,True
choice-2-1-018,choice,w:a0;w:a1;w:b1,valid,valid,True
choice-2-1-018,choice,w:a1;w:b0;w:b1,valid,valid,True
choice-2-1-018,choice,w:a0;w:a1;w:b0;w:b1,valid,valid,True
choice-2-1-019,choice,,invalid,invalid,True
choice-2-1-019,choice,w:a0,invalid,invalid,True
choice-2-1-019,choice,w:b0,invalid,invalid,True
choice-2-1-019,choice,w:a0;w:b0,invalid,invalid,True
choice-2-1-019,choice,w:a1,invalid,invalid,True
choice-2-1-019,choice,w:a0;w:a1,valid,valid,True
choice-2-1-019,choice,w:a1;w:b0,invalid,invalid,True
choice-2-1-019,choice,w:a0;w:a1;w:b0,valid,valid,True
choice-2-1-019,choice,w:b1,invalid,invalid,True
choice-2-1-019,choice,w:a0;w:b1,invalid,invalid,True
choice-2-1-019,choice,w:b0;w:b1,invalid,invalid,True
choice-2-1-019,choice,w:a0;w:b0;w:b1,valid,valid,True
choice-2-1-019,choice,w:a1;w:b1,invalid,invalid,True
choice-2-1-019,choice,w:a0;w:a1;w:b1,valid,valid,True
choice-2-1-019,choice,w:a1;w:b0;w:b1,valid,valid,True
choice-2-1-019,choice,w:a0;w:a1;w:b0;w:b1,valid,valid,True
choice-2-1-052,choice,,invalid,invalid,True
choice-2-1-052,choice,w:a0,invalid,invalid,True
choice-2-1-052,choice,w:b0,invalid,invalid,True
choice-2-1-052,choice,w:a0;w:b0,invalid,invalid,True
choice-2-1-052,choice,w:a1,invalid,invalid,True
choice-2-1-052,choice,w:a0;w:a1,invalid,invalid,True
choice-2-1-052,choice,w:a1;w:b0,valid,valid,True
choice-2-1-052,choice,w:a0;w:a1;w:b0,valid,valid,True
choice-2-1-052,choice,w:b1,invalid,invalid,True
choice-2-1-052,choice,w:a0;w:b1,invalid,invalid,True
choice-2-1-052,choice,w:b0;w:b1,invalid,invalid,True
choice-2-1-052,choice,w:a0;w:b0;w:b1,valid,valid,True
choice-2-1-052,choice,w:a1;w:b1,invalid,invalid,True
choice-2-1-052,choice,w:a0;w:a1;w:b1,valid,valid,True
choice-2-1-052,choice,w:a1;w:b0;w:b1,valid,valid,True
choice-2-1-052,choice,w:a0;w:a1;w:b0;w:b1,valid,valid,True
choice-2-1-053,choice,,invalid,invalid,True
choice-2-1-053,choice,w:a0,invalid,invalid,True
choice-2-1-053,choice,w:b0,invalid,invalid,True
choice-2-1-053,choice,w:a0;w:b0,invalid,invalid,True
choice-2-1-053,choice,w:a1,invalid,invalid,True
choice-2-1-053,choice,w:a0;w:a1,invalid,invalid,True
choice-2-1-053,choice,w:a1;w:b0,valid,valid,True
choice-2-1-053,choice,w:a0;w:a1;w:b0,valid,valid,True
choice-2-1-053,choice,w:b1,invalid,invalid,True
choice-2-1-053,choice,w:a0;w:b1,invalid,invalid,True
choice-2-1-053,choice,w:b0;w:b1,invalid,invalid,True
choice-2-1-053,choice,w:a0;w:b0;w:b1,valid,valid,True
choice-2-1-053,choice,w:a1;w:b1,invalid,invalid,True
choice-2-1-053,choice,w:a0;w:a1;w:b1,valid,valid,True
choice-2-1-053,choice,w:a1;w:b0;w:b1,valid,valid,True
choice-2-1-053,choice,w:a0;w:a1;w:b0;w:b1,valid,valid,True
choice-2-1-054,choice,,invalid,invalid,True
choice-2-1-054,choice,w:a0,invalid,invalid,True
choice-2-1-054,choice,w:b0,invalid,invalid,True
choice-2-1-054,choice,w:a0;w:b0,invalid,invalid,True
choice-2-1-054,choice,w:a1,invalid,invalid,True
choice-2-1-054,choice,w:a0;w:a1,invalid,invalid,True
choice-2-1-054,choice,w:a1;w:b0,valid,valid,True
choice-2-1-054,choice,w:a0;w:a1;w:b0,valid,valid,True
choice-2-1-054,choice,w:b1,invalid,invalid,True
choice-2-1-054,choice,w:a0;w:b1,invalid,invalid,True
choice-2-1-054,choice,w:b0;w:b1,invalid,invalid,True
choice-2-1-054,choice,w:a0;w:b0;w:b1,valid,valid,True
choice-2-1-054,choice,w:a1;w:b1,invalid,invalid,True
choice-2-1-054,choice,w:a0;w:a1;w:b1,valid,valid,True
choice-2-1-054,choice,w:a1;w:b0;w:b1,valid,valid,True
choice-2-1-054,choice,w:a0;w:a1;w:b0;w:b1,valid,valid,True
choice-2-1-055,choice,,invalid,invalid,True
choice-2-1-055,choice,w:a0,invalid,invalid,True
choice-2-1-055,choice,w:b0,invalid,invalid,True
choice-2-1-055,choice,w:a0;w:b0,invalid,invalid,True
choice-2-1-055,choice,w:a1,invalid,invalid,True
choice-2-1-055,choice,w:a0;w:a1,valid,valid,True
choice-2-1-055,choice,w:a1;w:b0,valid,valid,True
choice-2-1-055,choice,w:a0;w:a1;w:b0,valid,valid,True
choice-2-1-055,choice,w:b1,invalid,invalid,True
choice-2-1-055,choice,w:a0;w:b1,invalid,invalid,True
choice-2-1-055,choice,w:b0;w:b1,invalid,invalid,True
choice-2-1-055,choice,w:a0;w:b0;w:b1,valid,valid,True
choice-2-1-055,choice,w:a1;w:b1,invalid,invalid,True
choice-2-1-055,choice,w:a0;w:a1;w:b1,valid,valid,True
choice-2-1-055,choice,w:a1;w:b0;w:b1,valid,valid,True
choice-2-1-055,choice,w:a0;w:a1;w:b0;w:b1,valid,valid,True
choice-2-1-088,choice,,invalid,invalid,True
choice-2-1-088,choice,w:a0,invalid,invalid,True
choice-2-1-088,choice,w:b0,invalid,invalid,True
choice-2-1-088,choice,w:a0;w:b0,invalid,invalid,True
choice-2-1-088,choice,w:a1,invalid,invalid,True
choice-2-1-088,choice,w:a0;w:a1,invalid,invalid,True
choice-2-1-088,choice,w:a1;w:b0,invalid,invalid,True
choice-2-1-088,choice,w:a0;w:a1;w:b0,valid,valid,True
choice-2-1-088,choice,w:b1,invalid,invalid,True
choice-2-1-088,choice,w:a0;w:b1,invalid,invalid,True
choice-2-1-088,choice,w:b0;w:b1,invalid,invalid,True
choice-2-1-088,choice,w:a0;w:b0;w:b1,valid,valid,True
choice-2-1-088,choice,w:a1;w:b1,invalid,invalid,True
choice-2-1-088,choice,w:a0;w:a1;w:b1,valid,valid,True
choice-2-1-088,choice,w:a1;w:b0;w:b1,valid,valid,True
choice-2-1-088,choice,w:a0;w:a1;w:b0;w:b1,valid,valid,True
choice-2-1-089,choice,,invalid,invalid,True
choice-2-1-089,choice,w:a0,invalid,invalid,True
choice-2-1-089,choice,w:b0,invalid,invalid,True
choice-2-1-089,choice,w:a0;w:b0,invalid,invalid,True
choice-2-1-089,choice,w:a1,invalid,invalid,True
choice-2-1-089,choice,w:a0;w:a1,invalid,invalid,True
choice-2-1-089,choice,w:a1;w:b0,invalid,invalid,True
choice-2-1-089,choice,w:a0;w:a1;w:b0,valid,valid,True
choice-2-1-089,choice,w:b1,invalid,invalid,True
choice-2-1-089,choice,w:a0;w:b1,invalid,invalid,True
choice-2-1-089,choice,w:b0;w:b1,invalid,invalid,True
choice-2-1-089,choice,w:a0;w:b0;w:b1,valid,valid,True
choice-2-1-089,choice,w:a1;w:b1,invalid,invalid,True
choice-2-1-089,choice,w:a0;w:a1;w:b1,valid,valid,True
choice-2-1-089,choice,w:a1;w:b0;w:b1,valid,valid,True
choice-2-1-089,choice,w:a0;w:a1;w:b0;w:b1,valid,valid,True
choice-2-1-090,choice,,invalid,invalid,True
choice-2-1-090,choice,w:a0,invalid,invalid,True
choice-2-1-090,choice,w:b0,invalid,invalid,True
choice-2-1-090,choice,w:a0;w:b0,invalid,invalid,True
choice-2-1-090,choice,w:a1,invalid,invalid,True
choice-2-1-090,choice,w:a0;w:a1,invalid,invalid,True
choice-2-1-090,choice,w:a1;w:b0,invalid,invalid,True
choice-2-1-090,choice,w:a0;w:a1;w:b0,valid,valid,True
choice-2-1-090,choice,w:b1,invalid,invalid,True
choice-2-1-090,choice,w:a0;w:b1,invalid,invalid,True
choice-2-1-090,choice,w:b0;w:b1,invalid,invalid,True
choice-2-1-090,choice,w:a0;w:b0;w:b1,valid,valid,True
choice-2-1-090,choice,w:a1;w:b1,invalid,invalid,True
choice-2-1-090,choice,w:a0;w:a1;w:b1,valid,valid,True
choice-2-1-090,choice,w:a1;w:b0;w:b1,valid,valid,True
choice-2-1-090,choice,w:a0;w:a1;w:b0;w:b1,valid,valid,True
choice-2-1-091,choice,,invalid,invalid,True
choice-2-1-091,choice,w:a0,invalid,invalid,True
choice-2-1-091,choice,w:b0,invalid,invalid,True
choice-2-1-091,choice,w:a0;w:b0,invalid,invalid,True
choice-2-1-091,choice,w:a1,invalid,invalid,True
choice-2-1-091,choice,w:a0;w:a1,valid,valid,True
choice-2-1-091,choice,w:a1;w:b0,invalid,invalid,True
choice-2-1-091,choice,w:a0;w:a1;w:b0,valid,valid,True
choice-2-1-091,choice,w:b1,invalid,invalid,True
choice-2-1-091,choice,w:a0;w:b1,invalid,invalid,True
choice-2-1-091,choice,w:b0;w:b1,invalid,invalid,True
choice-2-1-091,choice,w:a0;w:b0;w:b1,valid,valid,True
choice-2-1-091,choice,w:a1;w:b1,invalid,invalid,True
choice-2-1-091,choice,w:a0;w:a1;w:b1,valid,valid,True
choice-2-1-091,choice,w:a1;w:b0;w:b1,valid,valid,True
choice-2-1-091,choice,w:a0;w:a1;w:b0;w:b1,valid,valid,True
choice-2-1-092,choice,,invalid,invalid,True
choice-2-1-092,choice,w:a0,invalid,invalid,True
choice-2-1-092,choice,w:b0,invalid,invalid,True
choice-2-1-092,choice,w:a0;w:b0,invalid,invalid,True
choice-2-1-092,choice,w:a1,invalid,invalid,True
choice-2-1-092,choice,w:a0;w:a1,invalid,invalid,True
choice-2-1-092,choice,w:a1;w:b0,invalid,invalid,True
choice-2-1-092,choice,w:a0;w:a1;w:b0,valid,valid,True
choice-2-1-092,choice,w:b1,invalid,invalid,True
choice-2-1-092,choice,w:a0;w:b1,valid,valid,True
choice-2-1-092,choice,w:b0;w:b1,invalid,invalid,True
choice-2-1-092,choice,w:a0;w:b0;w:b1,valid,valid,True
choice-2-1-092,choice,w:a1;w:b1,invalid,invalid,True
choice-2-1-092,choice,w:a0;w:a1;w:b1,valid,valid,True
choice-2-1-092,choice,w:a1;w:b0;w:b1,valid,valid,True
choice-2-1-092,choice,w:a0;w:a1;w:b0;w:b1,valid,valid,True
choice-2-1-125,choice,,invalid,invalid,True
choice-2-1-125,choice,w:a0,invalid,invalid,True
choice-2-1-125,choice,w:b0,invalid,invalid,True
choice-2-1-125,choice,w:a0;w:b0,invalid,invalid,True
choice-2-1-125,choice,w:a1,invalid,invalid,True
choice-2-1-125,choice,w:a0;w:a1,invalid,invalid,True
choice-2-1-125,choice,w:a1;w:b0,valid,valid,True
choice-2-1-125,choice,w:a0;w:a1;w:b0,valid,valid,True
choice-2-1-125,choice,w:b1,invalid,invalid,True
choice-2-1-125,choice,w:a0;w:b1,valid,valid,True
choice-2-1-125,choice,w:b0;w:b1,invalid,invalid,True
choice-2-1-125,choice,w:a0;w:b0;w:b1,valid,valid,True
choice-2-1-125,choice,w:a1;w:b1,invalid,invalid,True
choice-2-1-125,choice,w:a0;w:a1;w:b1,valid,valid,True
choice-2-1-125,choice,w:a1;w:b0;w:b1,valid,valid,True
choice-2-1-125,choice,w:a0;w:a1;w:b0;w:b1,valid,valid,True
choice-2-1-126,choice,,invalid,invalid,True
choice-2-1-126,choice,w:a0,invalid,invalid,True
choice-2-1-126,choice,w:b0,invalid,invalid,True
choice-2-1-126,choice,w:a0;w:b0,invalid,invalid,True
choice-2-1-126,choice,w:a1,invalid,invalid,True
choice-2-1-126,choice,w:a0;w:a1,invalid,invalid,True
choice-2-1-126,choice,w:a1;w:b0,valid,valid,True
choice-2-1-126,choice,w:a0;w:a1;w:b0,valid,valid,True
choice-2-1-126,choice,w:b1,invalid,invalid,True
choice-2-1-126,choice,w:a0;w:b1,valid,valid,True
choice-2-1-126,choice,w:b0;w:b1,invalid,invalid,True
choice-2-1-126,choice,w:a0;w:b0;w:b1,valid,valid,True
choice-2-1-126,choice,w:a1;w:b1,invalid,invalid,True
choice-2-1-126,choice,w:a0;w:a1;w:b1,valid,valid,True
choice-2-1-126,choice,w:a1;w:b0;w:b1,valid,valid,True
choice-2-1-126,choice,w:a0;w:a1;w:b0;w:b1,valid,valid,True
choice-2-1-127,choice,,invalid,invalid,True
choice-2-1-127,choice,w:a0,invalid,invalid,True
choice-2-1-127,choice,w:b0,invalid,invalid,True
choice-2-1-127,choice,w:a0;w:b0,invalid,invalid,True
choice-2-1-127,choice,w:a1,invalid,invalid,True
choice-2-1-127,choice,w:a0;w:a1,valid,valid,True
choice-2-1-127,choice,w:a1;w:b0,valid,valid,True
choice-2-1-127,choice,w:a0;w:a1;w:b0,valid,valid,True
choice-2-1-127,choice,w:b1,invalid,invalid,True
choice-2-1-127,choice,w:a0;w:b1,valid,valid,True
choice-2-1-127,choice,w:b0;w:b1,invalid,invalid,True
choice-2-1-127,choice,w:a0;w:b0;w:b1,valid,valid,True
choice-2-1-127,choice,w:a1;w:b1,invalid,invalid,True
choice-2-1-127,choice,w:a0;w:a1;w:b1,valid,valid,True
choice-2-1-127,choice,w:a1;w:b0;w:b1,valid,valid,True
choice-2-1-127,choice,w:a0;w:a1;w:b0;w:b1,valid,valid,True
choice-2-1-128,choice,,invalid,invalid,True
choice-2-1-128,choice,w:a0,invalid,invalid,True
choice-2-1-128,choice,w:b0,invalid,invalid,True
choice-2-1-128,choice,w:a0;w:b0,invalid,invalid,True
choice-2-1-128,choice,w:a1,invalid,invalid,True
choice-2-1-128,choice,w:a0;w:a1,invalid,invalid,True
choice-2-1-128,choice,w:a1;w:b0,invalid,invalid,True
choice-2-1-128,choice,w:a0;w:a1;w:b0,valid,valid,True
choice-2-1-128,choice,w:b1,invalid,invalid,True
choice-2-1-128,choice,w:a0;w:b1,invalid,invalid,True
choice-2-1-128,choice,w:b0;w:b1,invalid,invalid,True
choice-2-1-128,choice,w:a0;w:b0;w:b1,valid,valid,True
choice-2-1-128,choice,w:a1;w:b1,invalid,invalid,True
choice-2-1-128,choice,w:a0;w:a1;w:b1,valid,valid,True
choice-2-1-128,choice,w:a1;w:b0;w:b1,valid,valid,True
choice-2-1-128,choice,w:a0;w:a1;w:b0;w:b1,valid,valid,True
choice-2-1-162,choice,,invalid,invalid,True
choice-2-1-162,choice,w:a0,invalid,invalid,True
choice-2-1-162,choice,w:b0,invalid,invalid,True
choice-2-1-162,choice,w:a0;w:b0,invalid,invalid,True
choice-2-1-162,choice,w:a1,invalid,invalid,True
choice-2-1-162,choice,w:a0;w:a1,invalid,invalid,True
choice-2-1-162,choice,w:a1;w:b0,invalid,invalid,True
choice-2-1-162,choice,w:a0;w:a1;w:b0,valid,valid,True
choice-2-1-162,choice,w:b1,invalid,invalid,True
choice-2-1-162,choice,w:a0;w:b1,invalid,invalid,True
choice-2-1-162,choice,w:b0;w:b1,invalid,invalid,True
choice-2-1-162,choice,w:a0;w:b0;w:b1,valid,valid,True
choice-2-1-162,choice,w:a1;w:b1,invalid,invalid,True
choice-2-1-162,choice,w:a0;w:a1;w:b1,valid,valid,True
choice-2-1-162,choice,w:a1;w:b0;w:b1,valid,valid,True
choice-2-1-162,choice,w:a0;w:a1;w:b0;w:b1,valid,valid,True
choice-2-1-163,choice,,invalid,invalid,True
choice-2-1-163,choice,w:a0,invalid,invalid,True
choice-2-1-163,choice,w:b0,invalid,invalid,True
choice-2-1-163,choice,w:a0;w:b0,invalid,invalid,True
choice-2-1-163,choice,w:a1,invalid,invalid,True
choice-2-1-163,choice,w:a0;w:a1,valid,valid,True
choice-2-1-163,choice,w:a1;w:b0,invalid,invalid,True
choice-2-1-163,choice,w:a0;w:a1;w:b0,valid,valid,True
choice-2-1-163,choice,w:b1,invalid,invalid,True
choice-2-1-163,choice,w:a0;w:b1,invalid,invalid,True
choice-2-1-163,choice,w:b0;w:b1,invalid,invalid,True
choice-2-1-163,choice,w:a0;w:b0;w:b1,valid,valid,True
choice-2-1-163,choice,w:a1;w:b1,invalid,invalid,True
choice-2-1-163,choice,w:a0;w:a1;w:b1,valid,valid,True
choice-2-1-163,choice,w:a1;w:b0;w:b1,valid,valid,True
choice-2-1-163,choice,w:a0;w:a1;w:b0;w:b1,valid,valid,True
choice-2-1-164,choice,,invalid,invalid,True
choice-2-1-164,choice,w:a0,invalid,invalid,True
choice-2-1-164,choice,w:b0,invalid,invalid,True
choice-2-1-164,choice,w:a0;w:b0,invalid,invalid,True
choice-2-1-164,choice,w:a1,invalid,invalid,True
choice-2-1-164,choice,w:a0;w:a1,invalid,invalid,True
choice-2-1-164,choice,w:a1;w:b0,invalid,invalid,True
choice-2-1-164,choice,w:a0;w:a1;w:b0,valid,valid,True
choice-2-1-164,choice,w:b1,invalid,invalid,True
choice-2-1-164,choice,w:a0;w:b1,invalid,invalid,True
choice-2-1-164,choice,w:b0;w:b1,invalid,invalid,True
choice-2-1-164,choice,w:a0;w:b0;w:b1,valid,valid,True
choice-2-1-164,choice,w:a1;w:b1,invalid,invalid,True
choice-2-1-164,choice,w:a0;w:a1;w:b1,valid,valid,True
choice-2-1-164,choice,w:a1;w:b0;w:b1,valid,valid,True
choice-2-1-164,choice,w:a0;w:a1;w:b0;w:b1,valid,valid,True
choice-2-1-165,choice,,invalid,invalid,True
choice-2-1-165,choice,w:a0,invalid,invalid,True
choice-2-1-165,choice,w:b0,invalid,invalid,True
choice-2-1-165,choice,w:a0;w:b0,invalid,invalid,True
choice-2-1-165,choice,w:a1,invalid,invalid,True
choice-2-1-165,choice,w:a0;w:a1,invalid,invalid,True
choice-2-1-165,choice,w:a1;w:b0,invalid,invalid,True
choice-2-1-165,choice,w:a0;w:a1;w:b0,valid,valid,True
choice-2-1-165,choice,w:b1,invalid,invalid,True
choice-2-1-165,choice,w:a0;w:b1,invalid,invalid,True
choice-2-1-165,choice,w:b0;w:b1,invalid,invalid,True
choice-2-1-165,choice,w:a0;w:b0;w:b1,valid,valid,True
choice-2-1-165,choice,w:a1;w:b1,invalid,invalid,True
choice-2-1-165,choice,w:a0;w:a1;w:b1,valid,valid,True
choice-2-1-165,choice,w:a1;w:b0;w:b1,valid,valid,True
choice-2-1-165,choice,w:a0;w:a1;w:b0;w:b1,valid,valid,True
choice-2-1-198,choice,,invalid,invalid,True
choice-2-1-198,choice,w:a0,invalid,invalid,True
choice-2-1-198,choice,w:b0,invalid,invalid,True
choice-2-1-198,choice,w:a0;w:b0,invalid,invalid,True
choice-2-1-198,choice,w:a1,invalid,invalid,True
choice-2-1-198,choice,w:a0;w:a1,invalid,invalid,True
choice-2-1-198,choice,w:a1;w:b0,invalid,invalid,True
choice-2-1-198,choice,w:a0;w:a1;w:b0,valid,valid,True
choice-2-1-198,choice,w:b1,invalid,invalid,True
choice-2-1-198,choice,w:a0;w:b1,invalid,invalid,True
choice-2-1-198,choice,w:b0;w:b1,valid,valid,True
choice-2-1-198,choice,w:a0;w:b0;w:b1,valid,valid,True
choice-2-1-198,choice,w:a1;w:b1,invalid,invalid,True
choice-2-1-198,choice,w:a0;w:a1;w:b1,valid,valid,True
choice-2-1-198,choice,w:a1;w:b0;w:b1,valid,valid,True
choice-2-1-198,choice,w:a0;w:a1;w:b0;w:b1,valid,valid,True
choice-2-1-199,choice,,invalid,invalid,True
choice-2-1-199,choice,w:a0,invalid,invalid,True
choice-2-1-199,choice,w:b0,invalid,invalid,True
choice-2-1-199,choice,w:a0;w:b0,invalid,invalid,True
choice-2-1-199,choice,w:a1,invalid,invalid,True
choice-2-1-199,choice,w:a0;w:a1,valid,valid,True
choice-2-1-199,choice,w:a1;w:b0,invalid,invalid,True
choice-2-1-199,choice,w:a0;w:a1;w:b0,valid,valid,True
choice-2-1-199,choice,w:b1,invalid,invalid,True
choice-2-1-199,choice,w:a0;w:b1,invalid,invalid,True
choice-2-1-199,choice,w:b0;w:b1,valid,valid,True
choice-2-1-199,choice,w:a0;w:b0;w:b1,valid,valid,True
choice-2-1-199,choice,w:a1;w:b1,invalid,invalid,True
choice-2-1-199,choice,w:a0;w:a1;w:b1,valid,valid,True
choice-2-1-199,choice,w:a1;w:b0;w:b1,valid,valid,True
choice-2-1-199,choice,w:a0;w:a1;w:b0;w:b1,valid,valid,True
choice-2-1-200,choice,,invalid,invalid,True
choice-2-1-200,choice,w:a0,invalid,invalid,True
choice-2-1-200,choice,w:b0,invalid,invalid,True
choice-2-1-200,choice,w:a0;w:b0,invalid,invalid,True
choice-2-1-200,choice,w:a1,invalid,invalid,True
choice-2-1-200,choice,w:a0;w:a1,invalid,invalid,True
choice-2-1-200,choice,w:a1;w:b0,invalid,invalid,True
choice-2-1-200,choice,w:a0;w:a1;w:b0,valid,valid,True
choice-2-1-200,choice,w:b1,invalid,invalid,True
choice-2-1-200,choice,w:a0;w:b1,invalid,invalid,True
choice-2-1-200,choice,w:b0;w:b1,valid,valid,True
choice-2-1-200,choice,w:a0;w:b0;w:b1,valid,valid,True
choice-2-1-200,choice,w:a1;w:b1,invalid,invalid,True
choice-2-1-200,choice,w:a0;w:a1;w:b1,valid,valid,True
choice-2-1-200,choice,w:a1;w:b0;w:b1,valid,valid,True
choice-2-1-200,choice,w:a0;w:a1;w:b0;w:b1,valid,valid,True
choice-2-1-201,choice,,invalid,invalid,True
choice-2-1-201,choice,w:a0,invalid,invalid,True
choice-2-1-201,choice,w:b0,invalid,invalid,True
choice-2-1-201,choice,w:a0;w:b0,invalid,invalid,True
choice-2-1-201,choice,w:a1,invalid,invalid,True
choice-2-1-201,choice,w:a0;w:a1,invalid,invalid,True
choice-2-1-201,choice,w:a1;w:b0,invalid,invalid,True
choice-2-1-201,choice,w:a0;w:a1;w:b0,valid,valid,True
choice-2-1-201,choice,w:b1,invalid,invalid,True
choice-2-1-201,choice,w:a0;w:b1,invalid,invalid,True
choice-2-1-201,choice,w:b0;w:b1,valid,valid,True
choice-2-1-201,choice,w:a0;w:b0;w:b1,valid,valid,True
choice-2-1-201,choice,w:a1;w:b1,invalid,invalid,True
choice-2-1-201,choice,w:a0;w:a1;w:b1,valid,valid,True
choice-2-1-201,choice,w:a1;w:b0;w:b1,valid,valid,True
choice-2-1-201,choice,w:a0;w:a1;w:b0;w:b1,valid,valid,True
choice-2-1-235,choice,,invalid,invalid,True
choice-2-1-235,choice,w:a0,invalid,invalid,True
choice-2-1-235,choice,w:b0,invalid,invalid,True
choice-2-1-235,choice,w:a0;w:b0,invalid,invalid,True
choice-2-1-235,choice,w:a1,invalid,invalid,True
choice-2-1-235,choice,w:a0;w:a1,valid,valid,True
choice-2-1-235,choice,w:a1;w:b0,invalid,invalid,True
choice-2-1-235,choice,w:a0;w:a1;w:b0,valid,valid,True
choice-2-1-235,choice,w:b1,invalid,invalid,True
choice-2-1-235,choice,w:a0;w:b1,invalid,invalid,True
choice-2-1-235,choice,w:b0;w:b1,valid,valid,True
choice-2-1-235,choice,w:a0;w:b0;w:b1,valid,valid,True
choice-2-1-235,choice,w:a1;w:b1,invalid,invalid,True
choice-2-1-235,choice,w:a0;w:a1;w:b1,valid,valid,True
choice-2-1-235,choice,w:a1;w:b0;w:b1,valid,valid,True
choice-2-1-235,choice,w:a0;w:a1;w:b0;w:b1,valid,valid,True
choice-2-1-236,choice,,invalid,invalid,True
choice-2-1-236,choice,w:a0,invalid,invalid,True
choice-2-1-236,choice,w:b0,invalid,invalid,True
choice-2-1-236,choice,w:a0;w:b0,invalid,invalid,True
choice-2-1-236,choice,w:a1,invalid,invalid,True
choice-2-1-236,choice,w:a0;w:a1,invalid,invalid,True
choice-2-1-236,choice,w:a1;w:b0,invalid,invalid,True
choice-2-1-236,choice,w:a0;w:a1;w:b0,valid,valid,True
choice-2-1-236,choice,w:b1,invalid,invalid,True
choice-2-1-236,choice,w:a0;w:b1,valid,valid,True
choice-2-1-236,choice,w:b0;w:b1,valid,valid,True
choice-2-1-236,choice,w:a0;w:b0;w:b1,valid,valid,True
choice-2-1-236,choice,w:a1;w:b1,invalid,invalid,True
choice-2-1-236,choice,w:a0;w:a1;w:b1,valid,valid,True
choice-2-1-236,choice,w:a1;w:b0;w:b1,valid,valid,True
choice-2-1-236,choice,w:a0;w:a1;w:b0;w:b1,valid,valid,True
choice-2-1-237,choice,,invalid,invalid,True
choice-2-1-237,choice,w:a0,invalid,invalid,True
choice-2-1-237,choice,w:b0,invalid,invalid,True
choice-2-1-237,choice,w:a0;w:b0,invalid,invalid,True
choice-2-1-237,choice,w:a1,invalid,invalid,True
choice-2-1-237,choice,w:a0;w:a1,invalid,invalid,True
choice-2-1-237,choice,w:a1;w:b0,invalid,invalid,True
choice-2-1-237,choice,w:a0;w:a1;w:b0,valid,valid,True
choice-2-1-237,choice,w:b1,invalid,invalid,True
choice-2-1-237,choice,w:a0;w:b1,valid,valid,True
choice-2-1-237,choice,w:b0;w:b1,valid,valid,True
choice-2-1-237,choice,w:a0;w:b0;w:b1,valid,valid,True
choice-2-1-237,choice,w:a1;w:b1,invalid,invalid,True
choice-2-1-237,choice,w:a0;w:a1;w:b1,valid,valid,True
choice-2-1-237,choice,w:a1;w:b0;w:b1,valid,valid,True
choice-2-1-237,choice,w:a0;w:a1;w:b0;w:b1,valid,valid,True
choice-2-1-238,choice,,invalid,invalid,True
choice-2-1-238,choice,w:a0,invalid,invalid,True
choice-2-1-238,choice,w:b0,invalid,invalid,True
choice-2-1-238,choice,w:a0;w:b0,invalid,invalid,True
choice-2-1-238,choice,w:a1,invalid,invalid,True
choice-2-1-238,choice,w:a0;w:a1,invalid,invalid,True
choice-2-1-238,choice,w:a1;w:b0,invalid,invalid,True
choice-2-1-238,choice,w:a0;w:a1;w:b0,valid,valid,True
choice-2-1-238,choice,w:b1,invalid,invalid,True
choice-2-1-238,choice,w:a0;w:b1,valid,valid,True
choice-2-1-238,choice,w:b0;w:b1,valid,valid,True
choice-2-1-238,choice,w:a0;w:b0;w:b1,valid,valid,True
choice-2-1-238,choice,w:a1;w:b1,invalid,invalid,True
choice-2-1-238,choice,w:a0;w:a1;w:b1,valid,valid,True
choice-2-1-238,choice,w:a1;w:b0;w:b1,valid,valid,True
choice-2-1-238,choice,w:a0;w:a1;w:b0;w:b1,valid,valid,True
choice-2-1-255,choice,,invalid,invalid,True
choice-2-1-255,choice,w:a0,invalid,invalid,True
choice-2-1-255,choice,w:b0,invalid,invalid,True
choice-2-1-255,choice,w:a0;w:b0,invalid,invalid,True
choice-2-1-255,choice,w:a1,invalid,invalid,True
choice-2-1-255,choice,w:a0;w:a1,valid,valid,True
choice-2-1-255,choice,w:a1;w:b0,valid,valid,True
choice-2-1-255,choice,w:a0;w:a1;w:b0,valid,valid,True
choice-2-1-255,choice,w:b1,invalid,invalid,True
choice-2-1-255,choice,w:a0;w:b1,valid,valid,True
choice-2-1-255,choice,w:b0;w:b1,valid,valid,True
choice-2-1-255,choice,w:a0;w:b0;w:b1,valid,valid,True
choice-2-1-255,choice,w:a1;w:b1,invalid,invalid,True
choice-2-1-255,choice,w:a0;w:a1;w:b1,valid,valid,True
choice-2-1-255,choice,w:a1;w:b0;w:b1,valid,valid,True
choice-2-1-255,choice,w:a0;w:a1;w:b0;w:b1,valid,valid,True
