case,family,expected_condition,observed_condition
validity-00,validity,True,True
validity-01,validity,False,False
validity-02,validity,False,False
validity-03,validity,False,False
validity-04,validity,False,False
validity-05,validity,False,False
validity-06,validity,False,False
validity-07,validity,False,False
validity-08,validity,False,False
validity-09,validity,False,False
validity-10,validity,False,False
validity-11,validity,False,False
validity-12,validity,False,False
validity-13,validity,False,False
validity-14,validity,False,False
validity-15,validity,False,False
minimality-0-0,minimality,False,False
minimality-0-1,minimality,True,True
minimality-0-2,minimality,True,True
minimality-0-3,minimality,True,True
minimality-1-0,minimality,False,False
minimality-1-1,minimality,False,False
minimality-1-2,minimality,False,False
minimality-1-3,minimality,False,False
minimality-2-0,minimality,False,False
minimality-2-1,minimality,False,False
minimality-2-2,minimality,False,False
minimality-2-3,minimality,False,False
minimality-3-0,minimality,False,False
minimality-3-1,minimality,False,False
minimality-3-2,minimality,False,False
minimality-3-3,minimality,False,False
choice-1-1-000,choice,False,False
choice-1-1-001,choice,False,False
choice-1-1-002,choice,False,False
choice-1-1-003,choice,True,True
choice-1-1-004,choice,False,False
choice-1-1-005,choice,False,False
choice-1-1-006,choice,False,False
choice-1-1-007,choice,True,True
choice-1-1-008,choice,False,False
choice-1-1-009,choice,False,False
choice-1-1-010,choice,False,False
choice-1-1-011,choice,True,True
choice-1-1-012,choice,True,True
choice-1-1-013,choice,True,True
choice-1-1-014,choice,True,True
choice-1-1-015,choice,True,True
choice-2-0-000,choice,False,False
choice-2-0-001,choice,True,True
choice-2-0-002,choice,True,True
choice-2-0-003,choice,True,True
choice-2-0-004,choice,True,True
choice-2-0-005,choice,True,True
choice-2-0-006,choice,True,True
choice-2-0-007,choice,True,True
choice-2-0-008,choice,True,True
choice-2-0-009,choice,True,True
choice-2-0-010,choice,True,True
choice-2-0-011,choice,True,True
choice-2-0-012,choice,True,True
choice-2-0-013,choice,True,True
choice-2-0-014,choice,True,True
choice-2-0-015,choice,True,True
choice-2-1-000,choice,False,False
choice-2-1-015,choice,True,True
choice-2-1-016,choice,False,False
choice-2-1-017,choice,False,False
choice-2-1-018,choice,False,False
choice-2-1-019,choice,True,True
choice-2-1-052,choice,True,True
choice-2-1-053,choice,True,True
choice-2-1-054,choice,True,True
choice-2-1-055,choice,True,True
choice-2-1-088,choice,False,False
choice-2-1-089,choice,False,False
choice-2-1-090,choice,False,False
choice-2-1-091,choice,True,True
choice-2-1-092,choice,True,True
choice-2-1-125,choice,True,True
choice-2-1-126,choice,True,True
choice-2-1-127,choice,True,True
choice-2-1-128,choice,False,False
choice-2-1-162,choice,False,False
choice-2-1-163,choice,True,True
choice-2-1-164,choice,False,False
choice-2-1-165,choice,False,False
choice-2-1-198,choice,True,True
choice-2-1-199,choice,True,True
choice-2-1-200,choice,True,True
choice-2-1-201,choice,True,True
choice-2-1-235,choice,True,True
choice-2-1-236,choice,True,True
choice-2-1-237,choice,True,True
choice-2-1-238,choice,True,True
choice-2-1-255,choice,True,True
