case_id,repository,commit,path,blob_sha,module,clock,reset,done_expression,horizon,input_domains,initial_state,cuttable,translation_scope
cmos-counter-3,YosysHQ/yosys,d0e71cfb7bcafe2b437f3edc1789b69e99ecd55a,examples/cmos/counter.v,f21658724f641e05fb5b0a3c0e7845da9044a3e6,counter,clk,rst,count == 3'd3,4,"rst=0,1;en=0,1",count=0,count,sequential-equivalence-and-slice
intro-counter-2,YosysHQ/yosys,d0e71cfb7bcafe2b437f3edc1789b69e99ecd55a,docs/source/code_examples/intro/counter.v,36b878e31328a9647e7876881f1afd877a9c169d,counter,clk,rst,count == 2'd2,3,"rst=0,1;en=0,1",count=0,count,sequential-equivalence-and-slice
smt2-counter,YosysHQ/yosys,d0e71cfb7bcafe2b437f3edc1789b69e99ecd55a,backends/smt2/example.v,b195266eb7e1344e837a33c1726b068f1a40254c,main,clk,,counter == 4'd3,4,,counter=0,,sequential-equivalence
verific-counter,YosysHQ/yosys,d0e71cfb7bcafe2b437f3edc1789b69e99ecd55a,frontends/verific/example.sv,21a5d42c85c1100c5013bfa02244defd62f74295,top,clk,rst,cnt == 4'd3,4,"rst=0,1",cnt=0,,sequential-equivalence
smtbmc-demo4,YosysHQ/yosys,d0e71cfb7bcafe2b437f3edc1789b69e99ecd55a,examples/smtbmc/demo4.v,3f1b47277dd11c0d882a30a9721e3ad9cf163df4,demo4,clk,rst,r1 == 16'd3,2,"rst=0,1;inv2=0,1;in=0,1,2,3",r1=0;r2=0,,sequential-equivalence
asic-up-counter-8,YosysHQ/yosys,d0e71cfb7bcafe2b437f3edc1789b69e99ecd55a,tests/asicworld/code_hdl_models_up_counter.v,4ebd58b2115ca87b43962ed0f34fb1caab142031,up_counter,clk,reset,out == 8'd3,3,"enable=0,1;reset=0,1",out=0,,sequential-equivalence
asic-up-down-8,YosysHQ/yosys,d0e71cfb7bcafe2b437f3edc1789b69e99ecd55a,tests/asicworld/code_hdl_models_up_down_counter.v,9a634edeb89f3fcf92edced066b7410185edc6d7,up_down_counter,clk,reset,out == 8'd2,3,"up_down=0,1;reset=0,1",out=0,,sequential-equivalence
asic-load-counter-8,YosysHQ/yosys,d0e71cfb7bcafe2b437f3edc1789b69e99ecd55a,tests/asicworld/code_hdl_models_up_counter_load.v,89645db58660736650241991579970a0030527f3,up_counter_load,clk,reset,out == 8'd7,2,"data=0,3,7;load=0,1;enable=0,1;reset=0,1",out=0,,sequential-equivalence
asic-tutorial-counter-4,YosysHQ/yosys,d0e71cfb7bcafe2b437f3edc1789b69e99ecd55a,tests/asicworld/code_verilog_tutorial_counter.v,6018d07f7b96ef1e0065290d8a98e7ecd34a6109,counter,clk,reset,count == 4'd3,3,"reset=0,1;enable=0,1",count=0,count,sequential-equivalence-and-slice
sat-priority-counter-4,YosysHQ/yosys,d0e71cfb7bcafe2b437f3edc1789b69e99ecd55a,passes/sat/example.v,ee6545fab7ba7bff813c1b782a9f3bbf7340637d,example004,clk,rst,counter == 4'd3,4,"rst=0,1",counter=0,counter,sequential-equivalence-and-slice-and-case
